0 verbose cli /usr/local/bin/node /usr/local/bin/npm
1 info using npm@10.9.8
2 info using node@v22.23.1
3 silly config load:file:/usr/local/lib/node_modules/npm/npmrc
4 silly config load:file:/tmp/jobs/0f2ab268-9cf0-433c-917b-107ef2032ef9/.npmrc
5 silly config load:file:/usr/local/etc/npmrc
6 verbose title npm install
7 verbose argv "install"
8 verbose logfile logs-max:10 dir:/tmp/jobs/0f2ab268-9cf0-433c-917b-107ef2032ef9/.npm/_logs/2026-07-27T22_02_23_179Z-
9 verbose logfile /tmp/jobs/0f2ab268-9cf0-433c-917b-107ef2032ef9/.npm/_logs/2026-07-27T22_02_23_179Z-debug-0.log
10 silly logfile done cleaning log files
11 silly packumentCache heap:2197815296 maxSize:549453824 maxEntrySize:274726912
12 silly idealTree buildDeps
13 silly reify moves {}
14 silly audit bulk request {
14 silly audit   '@alloc/quick-lru': [ '5.2.0' ],
14 silly audit   '@auth/core': [ '0.41.3' ],
14 silly audit   '@emnapi/core': [ '1.11.1' ],
14 silly audit   '@emnapi/runtime': [ '1.11.1' ],
14 silly audit   '@emnapi/wasi-threads': [ '1.2.2' ],
14 silly audit   '@jridgewell/gen-mapping': [ '0.3.13' ],
14 silly audit   '@jridgewell/resolve-uri': [ '3.1.2' ],
14 silly audit   '@jridgewell/sourcemap-codec': [ '1.5.5' ],
14 silly audit   '@jridgewell/trace-mapping': [ '0.3.31' ],
14 silly audit   '@napi-rs/wasm-runtime': [ '1.1.6' ],
14 silly audit   '@next/env': [ '14.2.35' ],
14 silly audit   '@next/swc-darwin-arm64': [ '14.2.33' ],
14 silly audit   '@next/swc-darwin-x64': [ '14.2.33' ],
14 silly audit   '@next/swc-linux-arm64-gnu': [ '14.2.33' ],
14 silly audit   '@next/swc-linux-arm64-musl': [ '14.2.33' ],
14 silly audit   '@next/swc-linux-x64-gnu': [ '14.2.33' ],
14 silly audit   '@next/swc-linux-x64-musl': [ '14.2.33' ],
14 silly audit   '@next/swc-win32-arm64-msvc': [ '14.2.33' ],
14 silly audit   '@next/swc-win32-ia32-msvc': [ '14.2.33' ],
14 silly audit   '@next/swc-win32-x64-msvc': [ '14.2.33' ],
14 silly audit   '@nodelib/fs.scandir': [ '2.1.5' ],
14 silly audit   '@nodelib/fs.stat': [ '2.0.5' ],
14 silly audit   '@nodelib/fs.walk': [ '1.2.8' ],
14 silly audit   '@oxc-project/types': [ '0.139.0' ],
14 silly audit   '@panva/hkdf': [ '1.2.1' ],
14 silly audit   '@prisma/client': [ '6.19.3' ],
14 silly audit   '@prisma/config': [ '6.19.3' ],
14 silly audit   '@prisma/debug': [ '6.19.3' ],
14 silly audit   '@prisma/engines': [ '6.19.3' ],
14 silly audit   '@prisma/engines-version': [ '7.1.1-3.c2990dca591cba766e3b7ef5d9e8a84796e47ab7' ],
14 silly audit   '@prisma/fetch-engine': [ '6.19.3' ],
14 silly audit   '@prisma/get-platform': [ '6.19.3' ],
14 silly audit   '@rolldown/binding-android-arm64': [ '1.1.5' ],
14 silly audit   '@rolldown/binding-darwin-arm64': [ '1.1.5' ],
14 silly audit   '@rolldown/binding-darwin-x64': [ '1.1.5' ],
14 silly audit   '@rolldown/binding-freebsd-x64': [ '1.1.5' ],
14 silly audit   '@rolldown/binding-linux-arm-gnueabihf': [ '1.1.5' ],
14 silly audit   '@rolldown/binding-linux-arm64-gnu': [ '1.1.5' ],
14 silly audit   '@rolldown/binding-linux-arm64-musl': [ '1.1.5' ],
14 silly audit   '@rolldown/binding-linux-ppc64-gnu': [ '1.1.5' ],
14 silly audit   '@rolldown/binding-linux-s390x-gnu': [ '1.1.5' ],
14 silly audit   '@rolldown/binding-linux-x64-gnu': [ '1.1.5' ],
14 silly audit   '@rolldown/binding-linux-x64-musl': [ '1.1.5' ],
14 silly audit   '@rolldown/binding-openharmony-arm64': [ '1.1.5' ],
14 silly audit   '@rolldown/binding-wasm32-wasi': [ '1.1.5' ],
14 silly audit   '@rolldown/binding-win32-arm64-msvc': [ '1.1.5' ],
14 silly audit   '@rolldown/binding-win32-x64-msvc': [ '1.1.5' ],
14 silly audit   '@rolldown/pluginutils': [ '1.0.1' ],
14 silly audit   '@standard-schema/spec': [ '1.1.0' ],
14 silly audit   '@swc/counter': [ '0.1.3' ],
14 silly audit   '@swc/helpers': [ '0.5.5' ],
14 silly audit   '@tybys/wasm-util': [ '0.10.3' ],
14 silly audit   '@types/chai': [ '5.2.3' ],
14 silly audit   '@types/deep-eql': [ '4.0.2' ],
14 silly audit   '@types/estree': [ '1.0.9' ],
14 silly audit   '@types/node': [ '20.19.43' ],
14 silly audit   '@types/prop-types': [ '15.7.15' ],
14 silly audit   '@types/react': [ '18.3.31' ],
14 silly audit   '@types/react-dom': [ '18.3.7' ],
14 silly audit   '@vitest/expect': [ '4.1.10' ],
14 silly audit   '@vitest/mocker': [ '4.1.10' ],
14 silly audit   '@vitest/pretty-format': [ '4.1.10' ],
14 silly audit   '@vitest/runner': [ '4.1.10' ],
14 silly audit   '@vitest/snapshot': [ '4.1.10' ],
14 silly audit   '@vitest/spy': [ '4.1.10' ],
14 silly audit   '@vitest/utils': [ '4.1.10' ],
14 silly audit   'any-promise': [ '1.3.0' ],
14 silly audit   anymatch: [ '3.1.3' ],
14 silly audit   arg: [ '5.0.2' ],
14 silly audit   'assertion-error': [ '2.0.1' ],
14 silly audit   autoprefixer: [ '10.5.4' ],
14 silly audit   'baseline-browser-mapping': [ '2.11.4' ],
14 silly audit   bcryptjs: [ '3.0.3' ],
14 silly audit   'binary-extensions': [ '2.3.0' ],
14 silly audit   braces: [ '3.0.3' ],
14 silly audit   browserslist: [ '4.28.7' ],
14 silly audit   busboy: [ '1.6.0' ],
14 silly audit   c12: [ '3.1.0' ],
14 silly audit   chokidar: [ '4.0.3', '3.6.0' ],
14 silly audit   jiti: [ '2.7.0', '1.21.7' ],
14 silly audit   readdirp: [ '4.1.2', '3.6.0' ],
14 silly audit   'camelcase-css': [ '2.0.1' ],
14 silly audit   'caniuse-lite': [ '1.0.30001806' ],
14 silly audit   chai: [ '6.2.2' ],
14 silly audit   'glob-parent': [ '5.1.2', '6.0.2' ],
14 silly audit   citty: [ '0.1.6', '0.2.2' ],
14 silly audit   'client-only': [ '0.0.1' ],
14 silly audit   commander: [ '4.1.1' ],
14 silly audit   confbox: [ '0.2.4' ],
14 silly audit   consola: [ '3.4.2' ],
14 silly audit   'convert-source-map': [ '2.0.0' ],
14 silly audit   cssesc: [ '3.0.0' ],
14 silly audit   csstype: [ '3.2.3' ],
14 silly audit   'deepmerge-ts': [ '7.1.5' ],
14 silly audit   defu: [ '6.1.7' ],
14 silly audit   destr: [ '2.0.5' ],
14 silly audit   'detect-libc': [ '2.1.2' ],
14 silly audit   didyoumean: [ '1.2.2' ],
14 silly audit   dlv: [ '1.1.3' ],
14 silly audit   dotenv: [ '16.6.1' ],
14 silly audit   effect: [ '3.21.0' ],
14 silly audit   'electron-to-chromium': [ '1.5.396' ],
14 silly audit   empathic: [ '2.0.0' ],
14 silly audit   'es-errors': [ '1.3.0' ],
14 silly audit   'es-module-lexer': [ '2.3.1' ],
14 silly audit   escalade: [ '3.2.0' ],
14 silly audit   'estree-walker': [ '3.0.3' ],
14 silly audit   'expect-type': [ '1.4.0' ],
14 silly audit   exsolve: [ '1.1.0' ],
14 silly audit   'fast-check': [ '3.23.2' ],
14 silly audit   'fast-glob': [ '3.3.3' ],
14 silly audit   fastq: [ '1.20.1' ],
14 silly audit   'fill-range': [ '7.1.1' ],
14 silly audit   'fraction.js': [ '5.3.4' ],
14 silly audit   fsevents: [ '2.3.3' ],
14 silly audit   'function-bind': [ '1.1.2' ],
14 silly audit   giget: [ '2.0.0' ],
14 silly audit   'graceful-fs': [ '4.2.11' ],
14 silly audit   hasown: [ '2.0.4' ],
14 silly audit   'is-binary-path': [ '2.1.0' ],
14 silly audit   'is-core-module': [ '2.16.2' ],
14 silly audit   'is-extglob': [ '2.1.1' ],
14 silly audit   'is-glob': [ '4.0.3' ],
14 silly audit   'is-number': [ '7.0.0' ],
14 silly audit   jose: [ '6.2.4' ],
14 silly audit   'js-tokens': [ '4.0.0' ],
14 silly audit   lightningcss: [ '1.33.0' ],
14 silly audit   'lightningcss-android-arm64': [ '1.33.0' ],
14 silly audit   'lightningcss-darwin-arm64': [ '1.33.0' ],
14 silly audit   'lightningcss-darwin-x64': [ '1.33.0' ],
14 silly audit   'lightningcss-freebsd-x64': [ '1.33.0' ],
14 silly audit   'lightningcss-linux-arm-gnueabihf': [ '1.33.0' ],
14 silly audit   'lightningcss-linux-arm64-gnu': [ '1.33.0' ],
14 silly audit   'lightningcss-linux-arm64-musl': [ '1.33.0' ],
14 silly audit   'lightningcss-linux-x64-gnu': [ '1.33.0' ],
14 silly audit   'lightningcss-linux-x64-musl': [ '1.33.0' ],
14 silly audit   'lightningcss-win32-arm64-msvc': [ '1.33.0' ],
14 silly audit   'lightningcss-win32-x64-msvc': [ '1.33.0' ],
14 silly audit   lilconfig: [ '3.1.3' ],
14 silly audit   'lines-and-columns': [ '1.2.4' ],
14 silly audit   'loose-envify': [ '1.4.0' ],
14 silly audit   'magic-string': [ '0.30.21' ],
14 silly audit   merge2: [ '1.4.1' ],
14 silly audit   micromatch: [ '4.0.8' ],
14 silly audit   mz: [ '2.7.0' ],
14 silly audit   nanoid: [ '3.3.16' ],
14 silly audit   next: [ '14.2.35' ],
14 silly audit   'next-auth': [ '5.0.0-beta.32' ],
14 silly audit   postcss: [ '8.4.31', '8.5.23' ],
14 silly audit   'node-fetch-native': [ '1.6.7' ],
14 silly audit   'node-releases': [ '2.0.51' ],
14 silly audit   'normalize-path': [ '3.0.0' ],
14 silly audit   nypm: [ '0.6.8' ],
14 silly audit   oauth4webapi: [ '3.8.6' ],
14 silly audit   'object-assign': [ '4.1.1' ],
14 silly audit   'object-hash': [ '3.0.0' ],
14 silly audit   obug: [ '2.1.4' ],
14 silly audit   ohash: [ '2.0.11' ],
14 silly audit   'path-parse': [ '1.0.7' ],
14 silly audit   pathe: [ '2.0.3' ],
14 silly audit   'perfect-debounce': [ '1.0.0' ],
14 silly audit   picocolors: [ '1.1.1' ],
14 silly audit   picomatch: [ '2.3.2', '4.0.5' ],
14 silly audit   pify: [ '2.3.0' ],
14 silly audit   pirates: [ '4.0.7' ],
14 silly audit   'pkg-types': [ '2.3.1' ],
14 silly audit   'postcss-import': [ '15.1.0' ],
14 silly audit   'postcss-js': [ '4.1.0' ],
14 silly audit   'postcss-load-config': [ '6.0.1' ],
14 silly audit   'postcss-nested': [ '6.2.0' ],
14 silly audit   'postcss-selector-parser': [ '6.1.4' ],
14 silly audit   'postcss-value-parser': [ '4.2.0' ],
14 silly audit   preact: [ '10.24.3' ],
14 silly audit   'preact-render-to-string': [ '6.5.11' ],
14 silly audit   prisma: [ '6.19.3' ],
14 silly audit   'pure-rand': [ '6.1.0' ],
14 silly audit   'queue-microtask': [ '1.2.3' ],
14 silly audit   rc9: [ '2.1.2' ],
14 silly audit   react: [ '18.3.1' ],
14 silly audit   'react-dom': [ '18.3.1' ],
14 silly audit   'read-cache': [ '1.0.0' ],
14 silly audit   resolve: [ '1.22.12' ],
14 silly audit   reusify: [ '1.1.0' ],
14 silly audit   rolldown: [ '1.1.5' ],
14 silly audit   'run-parallel': [ '1.2.0' ],
14 silly audit   scheduler: [ '0.23.2' ],
14 silly audit   'server-only': [ '0.0.1' ],
14 silly audit   siginfo: [ '2.0.0' ],
14 silly audit   'source-map-js': [ '1.2.1' ],
14 silly audit   stackback: [ '0.0.2' ],
14 silly audit   'std-env': [ '4.2.0' ],
14 silly audit   streamsearch: [ '1.1.0' ],
14 silly audit   'styled-jsx': [ '5.1.1' ],
14 silly audit   sucrase: [ '3.35.1' ],
14 silly audit   'supports-preserve-symlinks-flag': [ '1.0.0' ],
14 silly audit   tailwindcss: [ '3.4.19' ],
14 silly audit   thenify: [ '3.3.1' ],
14 silly audit   'thenify-all': [ '1.6.0' ],
14 silly audit   tinybench: [ '2.9.0' ],
14 silly audit   tinyexec: [ '1.2.4' ],
14 silly audit   tinyglobby: [ '0.2.17' ],
14 silly audit   fdir: [ '6.5.0' ],
14 silly audit   tinyrainbow: [ '3.1.0' ],
14 silly audit   'to-regex-range': [ '5.0.1' ],
14 silly audit   'ts-interface-checker': [ '0.1.13' ],
14 silly audit   tslib: [ '2.8.1' ],
14 silly audit   typescript: [ '5.9.3' ],
14 silly audit   'undici-types': [ '6.21.0' ],
14 silly audit   'update-browserslist-db': [ '1.2.3' ],
14 silly audit   'util-deprecate': [ '1.0.2' ],
14 silly audit   vite: [ '8.1.5' ],
14 silly audit   vitest: [ '4.1.10' ],
14 silly audit   'why-is-node-running': [ '2.3.0' ]
14 silly audit }
15 verbose reify failed optional dependency /tmp/jobs/0f2ab268-9cf0-433c-917b-107ef2032ef9/node_modules/lightningcss-win32-x64-msvc
16 silly reify mark deleted [
16 silly reify   '/tmp/jobs/0f2ab268-9cf0-433c-917b-107ef2032ef9/node_modules/lightningcss-win32-x64-msvc'
16 silly reify ]
17 verbose reify failed optional dependency /tmp/jobs/0f2ab268-9cf0-433c-917b-107ef2032ef9/node_modules/lightningcss-win32-arm64-msvc
18 silly reify mark deleted [
18 silly reify   '/tmp/jobs/0f2ab268-9cf0-433c-917b-107ef2032ef9/node_modules/lightningcss-win32-arm64-msvc'
18 silly reify ]
19 verbose reify failed optional dependency /tmp/jobs/0f2ab268-9cf0-433c-917b-107ef2032ef9/node_modules/lightningcss-linux-x64-musl
20 silly reify mark deleted [
20 silly reify   '/tmp/jobs/0f2ab268-9cf0-433c-917b-107ef2032ef9/node_modules/lightningcss-linux-x64-musl'
20 silly reify ]
21 verbose reify failed optional dependency /tmp/jobs/0f2ab268-9cf0-433c-917b-107ef2032ef9/node_modules/lightningcss-linux-arm64-musl
22 silly reify mark deleted [
22 silly reify   '/tmp/jobs/0f2ab268-9cf0-433c-917b-107ef2032ef9/node_modules/lightningcss-linux-arm64-musl'
22 silly reify ]
23 verbose reify failed optional dependency /tmp/jobs/0f2ab268-9cf0-433c-917b-107ef2032ef9/node_modules/lightningcss-linux-arm64-gnu
24 silly reify mark deleted [
24 silly reify   '/tmp/jobs/0f2ab268-9cf0-433c-917b-107ef2032ef9/node_modules/lightningcss-linux-arm64-gnu'
24 silly reify ]
25 verbose reify failed optional dependency /tmp/jobs/0f2ab268-9cf0-433c-917b-107ef2032ef9/node_modules/lightningcss-linux-arm-gnueabihf
26 silly reify mark deleted [
26 silly reify   '/tmp/jobs/0f2ab268-9cf0-433c-917b-107ef2032ef9/node_modules/lightningcss-linux-arm-gnueabihf'
26 silly reify ]
27 verbose reify failed optional dependency /tmp/jobs/0f2ab268-9cf0-433c-917b-107ef2032ef9/node_modules/lightningcss-freebsd-x64
28 silly reify mark deleted [
28 silly reify   '/tmp/jobs/0f2ab268-9cf0-433c-917b-107ef2032ef9/node_modules/lightningcss-freebsd-x64'
28 silly reify ]
29 verbose reify failed optional dependency /tmp/jobs/0f2ab268-9cf0-433c-917b-107ef2032ef9/node_modules/lightningcss-darwin-x64
30 silly reify mark deleted [
30 silly reify   '/tmp/jobs/0f2ab268-9cf0-433c-917b-107ef2032ef9/node_modules/lightningcss-darwin-x64'
30 silly reify ]
31 verbose reify failed optional dependency /tmp/jobs/0f2ab268-9cf0-433c-917b-107ef2032ef9/node_modules/lightningcss-darwin-arm64
32 silly reify mark deleted [
32 silly reify   '/tmp/jobs/0f2ab268-9cf0-433c-917b-107ef2032ef9/node_modules/lightningcss-darwin-arm64'
32 silly reify ]
33 verbose reify failed optional dependency /tmp/jobs/0f2ab268-9cf0-433c-917b-107ef2032ef9/node_modules/lightningcss-android-arm64
34 silly reify mark deleted [
34 silly reify   '/tmp/jobs/0f2ab268-9cf0-433c-917b-107ef2032ef9/node_modules/lightningcss-android-arm64'
34 silly reify ]
35 verbose reify failed optional dependency /tmp/jobs/0f2ab268-9cf0-433c-917b-107ef2032ef9/node_modules/fsevents
36 silly reify mark deleted [
36 silly reify   '/tmp/jobs/0f2ab268-9cf0-433c-917b-107ef2032ef9/node_modules/fsevents'
36 silly reify ]
37 verbose reify failed optional dependency /tmp/jobs/0f2ab268-9cf0-433c-917b-107ef2032ef9/node_modules/@rolldown/binding-win32-x64-msvc
38 silly reify mark deleted [
38 silly reify   '/tmp/jobs/0f2ab268-9cf0-433c-917b-107ef2032ef9/node_modules/@rolldown/binding-win32-x64-msvc'
38 silly reify ]
39 verbose reify failed optional dependency /tmp/jobs/0f2ab268-9cf0-433c-917b-107ef2032ef9/node_modules/@rolldown/binding-win32-arm64-msvc
40 silly reify mark deleted [
40 silly reify   '/tmp/jobs/0f2ab268-9cf0-433c-917b-107ef2032ef9/node_modules/@rolldown/binding-win32-arm64-msvc'
40 silly reify ]
41 verbose reify failed optional dependency /tmp/jobs/0f2ab268-9cf0-433c-917b-107ef2032ef9/node_modules/@rolldown/binding-wasm32-wasi
42 silly reify mark deleted [
42 silly reify   '/tmp/jobs/0f2ab268-9cf0-433c-917b-107ef2032ef9/node_modules/@rolldown/binding-wasm32-wasi'
42 silly reify ]
43 verbose reify failed optional dependency /tmp/jobs/0f2ab268-9cf0-433c-917b-107ef2032ef9/node_modules/@emnapi/core
44 silly reify mark deleted [
44 silly reify   '/tmp/jobs/0f2ab268-9cf0-433c-917b-107ef2032ef9/node_modules/@emnapi/core'
44 silly reify ]
45 verbose reify failed optional dependency /tmp/jobs/0f2ab268-9cf0-433c-917b-107ef2032ef9/node_modules/@emnapi/runtime
46 silly reify mark deleted [
46 silly reify   '/tmp/jobs/0f2ab268-9cf0-433c-917b-107ef2032ef9/node_modules/@emnapi/runtime'
46 silly reify ]
47 verbose reify failed optional dependency /tmp/jobs/0f2ab268-9cf0-433c-917b-107ef2032ef9/node_modules/@napi-rs/wasm-runtime
48 silly reify mark deleted [
48 silly reify   '/tmp/jobs/0f2ab268-9cf0-433c-917b-107ef2032ef9/node_modules/@napi-rs/wasm-runtime'
48 silly reify ]
49 verbose reify failed optional dependency /tmp/jobs/0f2ab268-9cf0-433c-917b-107ef2032ef9/node_modules/@emnapi/wasi-threads
50 silly reify mark deleted [
50 silly reify   '/tmp/jobs/0f2ab268-9cf0-433c-917b-107ef2032ef9/node_modules/@emnapi/wasi-threads'
50 silly reify ]
51 verbose reify failed optional dependency /tmp/jobs/0f2ab268-9cf0-433c-917b-107ef2032ef9/node_modules/@tybys/wasm-util
52 silly reify mark deleted [
52 silly reify   '/tmp/jobs/0f2ab268-9cf0-433c-917b-107ef2032ef9/node_modules/@tybys/wasm-util'
52 silly reify ]
53 verbose reify failed optional dependency /tmp/jobs/0f2ab268-9cf0-433c-917b-107ef2032ef9/node_modules/@rolldown/binding-openharmony-arm64
54 silly reify mark deleted [
54 silly reify   '/tmp/jobs/0f2ab268-9cf0-433c-917b-107ef2032ef9/node_modules/@rolldown/binding-openharmony-arm64'
54 silly reify ]
55 verbose reify failed optional dependency /tmp/jobs/0f2ab268-9cf0-433c-917b-107ef2032ef9/node_modules/@rolldown/binding-linux-x64-musl
56 silly reify mark deleted [
56 silly reify   '/tmp/jobs/0f2ab268-9cf0-433c-917b-107ef2032ef9/node_modules/@rolldown/binding-linux-x64-musl'
56 silly reify ]
57 verbose reify failed optional dependency /tmp/jobs/0f2ab268-9cf0-433c-917b-107ef2032ef9/node_modules/@rolldown/binding-linux-s390x-gnu
58 silly reify mark deleted [
58 silly reify   '/tmp/jobs/0f2ab268-9cf0-433c-917b-107ef2032ef9/node_modules/@rolldown/binding-linux-s390x-gnu'
58 silly reify ]
59 verbose reify failed optional dependency /tmp/jobs/0f2ab268-9cf0-433c-917b-107ef2032ef9/node_modules/@rolldown/binding-linux-ppc64-gnu
60 silly reify mark deleted [
60 silly reify   '/tmp/jobs/0f2ab268-9cf0-433c-917b-107ef2032ef9/node_modules/@rolldown/binding-linux-ppc64-gnu'
60 silly reify ]
61 verbose reify failed optional dependency /tmp/jobs/0f2ab268-9cf0-433c-917b-107ef2032ef9/node_modules/@rolldown/binding-linux-arm64-musl
62 silly reify mark deleted [
62 silly reify   '/tmp/jobs/0f2ab268-9cf0-433c-917b-107ef2032ef9/node_modules/@rolldown/binding-linux-arm64-musl'
62 silly reify ]
63 verbose reify failed optional dependency /tmp/jobs/0f2ab268-9cf0-433c-917b-107ef2032ef9/node_modules/@rolldown/binding-linux-arm64-gnu
64 silly reify mark deleted [
64 silly reify   '/tmp/jobs/0f2ab268-9cf0-433c-917b-107ef2032ef9/node_modules/@rolldown/binding-linux-arm64-gnu'
64 silly reify ]
65 verbose reify failed optional dependency /tmp/jobs/0f2ab268-9cf0-433c-917b-107ef2032ef9/node_modules/@rolldown/binding-linux-arm-gnueabihf
66 silly reify mark deleted [
66 silly reify   '/tmp/jobs/0f2ab268-9cf0-433c-917b-107ef2032ef9/node_modules/@rolldown/binding-linux-arm-gnueabihf'
66 silly reify ]
67 verbose reify failed optional dependency /tmp/jobs/0f2ab268-9cf0-433c-917b-107ef2032ef9/node_modules/@rolldown/binding-freebsd-x64
68 silly reify mark deleted [
68 silly reify   '/tmp/jobs/0f2ab268-9cf0-433c-917b-107ef2032ef9/node_modules/@rolldown/binding-freebsd-x64'
68 silly reify ]
69 verbose reify failed optional dependency /tmp/jobs/0f2ab268-9cf0-433c-917b-107ef2032ef9/node_modules/@rolldown/binding-darwin-x64
70 silly reify mark deleted [
70 silly reify   '/tmp/jobs/0f2ab268-9cf0-433c-917b-107ef2032ef9/node_modules/@rolldown/binding-darwin-x64'
70 silly reify ]
71 verbose reify failed optional dependency /tmp/jobs/0f2ab268-9cf0-433c-917b-107ef2032ef9/node_modules/@rolldown/binding-darwin-arm64
72 silly reify mark deleted [
72 silly reify   '/tmp/jobs/0f2ab268-9cf0-433c-917b-107ef2032ef9/node_modules/@rolldown/binding-darwin-arm64'
72 silly reify ]
73 verbose reify failed optional dependency /tmp/jobs/0f2ab268-9cf0-433c-917b-107ef2032ef9/node_modules/@rolldown/binding-android-arm64
74 silly reify mark deleted [
74 silly reify   '/tmp/jobs/0f2ab268-9cf0-433c-917b-107ef2032ef9/node_modules/@rolldown/binding-android-arm64'
74 silly reify ]
75 verbose reify failed optional dependency /tmp/jobs/0f2ab268-9cf0-433c-917b-107ef2032ef9/node_modules/@next/swc-win32-x64-msvc
76 silly reify mark deleted [
76 silly reify   '/tmp/jobs/0f2ab268-9cf0-433c-917b-107ef2032ef9/node_modules/@next/swc-win32-x64-msvc'
76 silly reify ]
77 verbose reify failed optional dependency /tmp/jobs/0f2ab268-9cf0-433c-917b-107ef2032ef9/node_modules/@next/swc-win32-ia32-msvc
78 silly reify mark deleted [
78 silly reify   '/tmp/jobs/0f2ab268-9cf0-433c-917b-107ef2032ef9/node_modules/@next/swc-win32-ia32-msvc'
78 silly reify ]
79 verbose reify failed optional dependency /tmp/jobs/0f2ab268-9cf0-433c-917b-107ef2032ef9/node_modules/@next/swc-win32-arm64-msvc
80 silly reify mark deleted [
80 silly reify   '/tmp/jobs/0f2ab268-9cf0-433c-917b-107ef2032ef9/node_modules/@next/swc-win32-arm64-msvc'
80 silly reify ]
81 verbose reify failed optional dependency /tmp/jobs/0f2ab268-9cf0-433c-917b-107ef2032ef9/node_modules/@next/swc-linux-x64-musl
82 silly reify mark deleted [
82 silly reify   '/tmp/jobs/0f2ab268-9cf0-433c-917b-107ef2032ef9/node_modules/@next/swc-linux-x64-musl'
82 silly reify ]
83 verbose reify failed optional dependency /tmp/jobs/0f2ab268-9cf0-433c-917b-107ef2032ef9/node_modules/@next/swc-linux-arm64-musl
84 silly reify mark deleted [
84 silly reify   '/tmp/jobs/0f2ab268-9cf0-433c-917b-107ef2032ef9/node_modules/@next/swc-linux-arm64-musl'
84 silly reify ]
85 verbose reify failed optional dependency /tmp/jobs/0f2ab268-9cf0-433c-917b-107ef2032ef9/node_modules/@next/swc-linux-arm64-gnu
86 silly reify mark deleted [
86 silly reify   '/tmp/jobs/0f2ab268-9cf0-433c-917b-107ef2032ef9/node_modules/@next/swc-linux-arm64-gnu'
86 silly reify ]
87 verbose reify failed optional dependency /tmp/jobs/0f2ab268-9cf0-433c-917b-107ef2032ef9/node_modules/@next/swc-darwin-x64
88 silly reify mark deleted [
88 silly reify   '/tmp/jobs/0f2ab268-9cf0-433c-917b-107ef2032ef9/node_modules/@next/swc-darwin-x64'
88 silly reify ]
89 verbose reify failed optional dependency /tmp/jobs/0f2ab268-9cf0-433c-917b-107ef2032ef9/node_modules/@next/swc-darwin-arm64
90 silly reify mark deleted [
90 silly reify   '/tmp/jobs/0f2ab268-9cf0-433c-917b-107ef2032ef9/node_modules/@next/swc-darwin-arm64'
90 silly reify ]
91 http cache why-is-node-running@https://registry.npmjs.org/why-is-node-running/-/why-is-node-running-2.3.0.tgz 0ms (cache hit)
92 http cache vitest@https://registry.npmjs.org/vitest/-/vitest-4.1.10.tgz 0ms (cache hit)
93 http cache vite@https://registry.npmjs.org/vite/-/vite-8.1.5.tgz 0ms (cache hit)
94 http cache util-deprecate@https://registry.npmjs.org/util-deprecate/-/util-deprecate-1.0.2.tgz 0ms (cache hit)
95 http cache update-browserslist-db@https://registry.npmjs.org/update-browserslist-db/-/update-browserslist-db-1.2.3.tgz 0ms (cache hit)
96 http cache typescript@https://registry.npmjs.org/typescript/-/typescript-5.9.3.tgz 0ms (cache hit)
97 http cache undici-types@https://registry.npmjs.org/undici-types/-/undici-types-6.21.0.tgz 0ms (cache hit)
98 http cache tslib@https://registry.npmjs.org/tslib/-/tslib-2.8.1.tgz 0ms (cache hit)
99 http cache ts-interface-checker@https://registry.npmjs.org/ts-interface-checker/-/ts-interface-checker-0.1.13.tgz 0ms (cache hit)
100 http cache to-regex-range@https://registry.npmjs.org/to-regex-range/-/to-regex-range-5.0.1.tgz 0ms (cache hit)
101 http cache tinyrainbow@https://registry.npmjs.org/tinyrainbow/-/tinyrainbow-3.1.0.tgz 0ms (cache hit)
102 http cache tinyglobby@https://registry.npmjs.org/tinyglobby/-/tinyglobby-0.2.17.tgz 0ms (cache hit)
103 http cache tinyexec@https://registry.npmjs.org/tinyexec/-/tinyexec-1.2.4.tgz 0ms (cache hit)
104 http cache tinybench@https://registry.npmjs.org/tinybench/-/tinybench-2.9.0.tgz 0ms (cache hit)
105 http cache thenify-all@https://registry.npmjs.org/thenify-all/-/thenify-all-1.6.0.tgz 0ms (cache hit)
106 http cache thenify@https://registry.npmjs.org/thenify/-/thenify-3.3.1.tgz 0ms (cache hit)
107 http cache tailwindcss@https://registry.npmjs.org/tailwindcss/-/tailwindcss-3.4.19.tgz 0ms (cache hit)
108 http cache supports-preserve-symlinks-flag@https://registry.npmjs.org/supports-preserve-symlinks-flag/-/supports-preserve-symlinks-flag-1.0.0.tgz 0ms (cache hit)
109 http cache sucrase@https://registry.npmjs.org/sucrase/-/sucrase-3.35.1.tgz 0ms (cache hit)
110 http cache styled-jsx@https://registry.npmjs.org/styled-jsx/-/styled-jsx-5.1.1.tgz 0ms (cache hit)
111 http cache streamsearch@https://registry.npmjs.org/streamsearch/-/streamsearch-1.1.0.tgz 0ms (cache hit)
112 http cache std-env@https://registry.npmjs.org/std-env/-/std-env-4.2.0.tgz 0ms (cache hit)
113 http cache stackback@https://registry.npmjs.org/stackback/-/stackback-0.0.2.tgz 0ms (cache hit)
114 http cache source-map-js@https://registry.npmjs.org/source-map-js/-/source-map-js-1.2.1.tgz 0ms (cache hit)
115 http cache siginfo@https://registry.npmjs.org/siginfo/-/siginfo-2.0.0.tgz 0ms (cache hit)
116 http cache server-only@https://registry.npmjs.org/server-only/-/server-only-0.0.1.tgz 0ms (cache hit)
117 http cache scheduler@https://registry.npmjs.org/scheduler/-/scheduler-0.23.2.tgz 0ms (cache hit)
118 http cache run-parallel@https://registry.npmjs.org/run-parallel/-/run-parallel-1.2.0.tgz 0ms (cache hit)
119 http cache rolldown@https://registry.npmjs.org/rolldown/-/rolldown-1.1.5.tgz 0ms (cache hit)
120 http cache reusify@https://registry.npmjs.org/reusify/-/reusify-1.1.0.tgz 0ms (cache hit)
121 http cache resolve@https://registry.npmjs.org/resolve/-/resolve-1.22.12.tgz 0ms (cache hit)
122 http cache readdirp@https://registry.npmjs.org/readdirp/-/readdirp-3.6.0.tgz 0ms (cache hit)
123 http cache read-cache@https://registry.npmjs.org/read-cache/-/read-cache-1.0.0.tgz 0ms (cache hit)
124 http cache react-dom@https://registry.npmjs.org/react-dom/-/react-dom-18.3.1.tgz 0ms (cache hit)
125 http cache react@https://registry.npmjs.org/react/-/react-18.3.1.tgz 0ms (cache hit)
126 http cache rc9@https://registry.npmjs.org/rc9/-/rc9-2.1.2.tgz 0ms (cache hit)
127 http cache queue-microtask@https://registry.npmjs.org/queue-microtask/-/queue-microtask-1.2.3.tgz 0ms (cache hit)
128 http cache pure-rand@https://registry.npmjs.org/pure-rand/-/pure-rand-6.1.0.tgz 0ms (cache hit)
129 http cache prisma@https://registry.npmjs.org/prisma/-/prisma-6.19.3.tgz 0ms (cache hit)
130 http cache preact-render-to-string@https://registry.npmjs.org/preact-render-to-string/-/preact-render-to-string-6.5.11.tgz 0ms (cache hit)
131 http cache preact@https://registry.npmjs.org/preact/-/preact-10.24.3.tgz 0ms (cache hit)
132 http cache postcss-value-parser@https://registry.npmjs.org/postcss-value-parser/-/postcss-value-parser-4.2.0.tgz 0ms (cache hit)
133 http cache postcss-selector-parser@https://registry.npmjs.org/postcss-selector-parser/-/postcss-selector-parser-6.1.4.tgz 0ms (cache hit)
134 http cache postcss-nested@https://registry.npmjs.org/postcss-nested/-/postcss-nested-6.2.0.tgz 0ms (cache hit)
135 http cache postcss-load-config@https://registry.npmjs.org/postcss-load-config/-/postcss-load-config-6.0.1.tgz 0ms (cache hit)
136 http cache postcss-js@https://registry.npmjs.org/postcss-js/-/postcss-js-4.1.0.tgz 0ms (cache hit)
137 http cache postcss-import@https://registry.npmjs.org/postcss-import/-/postcss-import-15.1.0.tgz 0ms (cache hit)
138 http cache postcss@https://registry.npmjs.org/postcss/-/postcss-8.5.23.tgz 0ms (cache hit)
139 http cache pkg-types@https://registry.npmjs.org/pkg-types/-/pkg-types-2.3.1.tgz 0ms (cache hit)
140 http cache pirates@https://registry.npmjs.org/pirates/-/pirates-4.0.7.tgz 0ms (cache hit)
141 http cache pify@https://registry.npmjs.org/pify/-/pify-2.3.0.tgz 0ms (cache hit)
142 http cache picomatch@https://registry.npmjs.org/picomatch/-/picomatch-2.3.2.tgz 0ms (cache hit)
143 http cache picocolors@https://registry.npmjs.org/picocolors/-/picocolors-1.1.1.tgz 0ms (cache hit)
144 http cache perfect-debounce@https://registry.npmjs.org/perfect-debounce/-/perfect-debounce-1.0.0.tgz 0ms (cache hit)
145 http cache pathe@https://registry.npmjs.org/pathe/-/pathe-2.0.3.tgz 0ms (cache hit)
146 http cache path-parse@https://registry.npmjs.org/path-parse/-/path-parse-1.0.7.tgz 0ms (cache hit)
147 http cache ohash@https://registry.npmjs.org/ohash/-/ohash-2.0.11.tgz 0ms (cache hit)
148 http cache obug@https://registry.npmjs.org/obug/-/obug-2.1.4.tgz 0ms (cache hit)
149 http cache object-hash@https://registry.npmjs.org/object-hash/-/object-hash-3.0.0.tgz 0ms (cache hit)
150 http cache object-assign@https://registry.npmjs.org/object-assign/-/object-assign-4.1.1.tgz 0ms (cache hit)
151 http cache oauth4webapi@https://registry.npmjs.org/oauth4webapi/-/oauth4webapi-3.8.6.tgz 0ms (cache hit)
152 http cache normalize-path@https://registry.npmjs.org/normalize-path/-/normalize-path-3.0.0.tgz 0ms (cache hit)
153 http cache node-releases@https://registry.npmjs.org/node-releases/-/node-releases-2.0.51.tgz 0ms (cache hit)
154 http cache node-fetch-native@https://registry.npmjs.org/node-fetch-native/-/node-fetch-native-1.6.7.tgz 0ms (cache hit)
155 http cache nypm@https://registry.npmjs.org/nypm/-/nypm-0.6.8.tgz 0ms (cache hit)
156 http cache next-auth@https://registry.npmjs.org/next-auth/-/next-auth-5.0.0-beta.32.tgz 0ms (cache hit)
157 http cache next@https://registry.npmjs.org/next/-/next-14.2.35.tgz 0ms (cache hit)
158 http cache nanoid@https://registry.npmjs.org/nanoid/-/nanoid-3.3.16.tgz 0ms (cache hit)
159 http cache mz@https://registry.npmjs.org/mz/-/mz-2.7.0.tgz 0ms (cache hit)
160 http cache merge2@https://registry.npmjs.org/merge2/-/merge2-1.4.1.tgz 0ms (cache hit)
161 http cache micromatch@https://registry.npmjs.org/micromatch/-/micromatch-4.0.8.tgz 0ms (cache hit)
162 http cache magic-string@https://registry.npmjs.org/magic-string/-/magic-string-0.30.21.tgz 0ms (cache hit)
163 http cache loose-envify@https://registry.npmjs.org/loose-envify/-/loose-envify-1.4.0.tgz 0ms (cache hit)
164 http cache lines-and-columns@https://registry.npmjs.org/lines-and-columns/-/lines-and-columns-1.2.4.tgz 0ms (cache hit)
165 http cache lightningcss-linux-x64-gnu@https://registry.npmjs.org/lightningcss-linux-x64-gnu/-/lightningcss-linux-x64-gnu-1.33.0.tgz 0ms (cache hit)
166 http cache lightningcss@https://registry.npmjs.org/lightningcss/-/lightningcss-1.33.0.tgz 0ms (cache hit)
167 http cache lilconfig@https://registry.npmjs.org/lilconfig/-/lilconfig-3.1.3.tgz 0ms (cache hit)
168 http cache jose@https://registry.npmjs.org/jose/-/jose-6.2.4.tgz 0ms (cache hit)
169 http cache js-tokens@https://registry.npmjs.org/js-tokens/-/js-tokens-4.0.0.tgz 0ms (cache hit)
170 http cache is-number@https://registry.npmjs.org/is-number/-/is-number-7.0.0.tgz 0ms (cache hit)
171 http cache is-glob@https://registry.npmjs.org/is-glob/-/is-glob-4.0.3.tgz 0ms (cache hit)
172 http cache is-extglob@https://registry.npmjs.org/is-extglob/-/is-extglob-2.1.1.tgz 0ms (cache hit)
173 http cache is-core-module@https://registry.npmjs.org/is-core-module/-/is-core-module-2.16.2.tgz 0ms (cache hit)
174 http cache is-binary-path@https://registry.npmjs.org/is-binary-path/-/is-binary-path-2.1.0.tgz 0ms (cache hit)
175 http cache hasown@https://registry.npmjs.org/hasown/-/hasown-2.0.4.tgz 0ms (cache hit)
176 http cache graceful-fs@https://registry.npmjs.org/graceful-fs/-/graceful-fs-4.2.11.tgz 0ms (cache hit)
177 http cache glob-parent@https://registry.npmjs.org/glob-parent/-/glob-parent-6.0.2.tgz 0ms (cache hit)
178 http cache jiti@https://registry.npmjs.org/jiti/-/jiti-1.21.7.tgz 0ms (cache hit)
179 http cache giget@https://registry.npmjs.org/giget/-/giget-2.0.0.tgz 0ms (cache hit)
180 http cache fraction.js@https://registry.npmjs.org/fraction.js/-/fraction.js-5.3.4.tgz 0ms (cache hit)
181 http cache fill-range@https://registry.npmjs.org/fill-range/-/fill-range-7.1.1.tgz 0ms (cache hit)
182 http cache function-bind@https://registry.npmjs.org/function-bind/-/function-bind-1.1.2.tgz 0ms (cache hit)
183 http cache fast-glob@https://registry.npmjs.org/fast-glob/-/fast-glob-3.3.3.tgz 0ms (cache hit)
184 http cache fast-check@https://registry.npmjs.org/fast-check/-/fast-check-3.23.2.tgz 0ms (cache hit)
185 http cache exsolve@https://registry.npmjs.org/exsolve/-/exsolve-1.1.0.tgz 0ms (cache hit)
186 http cache expect-type@https://registry.npmjs.org/expect-type/-/expect-type-1.4.0.tgz 0ms (cache hit)
187 http cache estree-walker@https://registry.npmjs.org/estree-walker/-/estree-walker-3.0.3.tgz 0ms (cache hit)
188 http cache escalade@https://registry.npmjs.org/escalade/-/escalade-3.2.0.tgz 0ms (cache hit)
189 http cache es-module-lexer@https://registry.npmjs.org/es-module-lexer/-/es-module-lexer-2.3.1.tgz 0ms (cache hit)
190 http cache es-errors@https://registry.npmjs.org/es-errors/-/es-errors-1.3.0.tgz 0ms (cache hit)
191 http cache empathic@https://registry.npmjs.org/empathic/-/empathic-2.0.0.tgz 0ms (cache hit)
192 http cache electron-to-chromium@https://registry.npmjs.org/electron-to-chromium/-/electron-to-chromium-1.5.396.tgz 0ms (cache hit)
193 http cache fastq@https://registry.npmjs.org/fastq/-/fastq-1.20.1.tgz 0ms (cache hit)
194 http cache effect@https://registry.npmjs.org/effect/-/effect-3.21.0.tgz 0ms (cache hit)
195 http cache dotenv@https://registry.npmjs.org/dotenv/-/dotenv-16.6.1.tgz 0ms (cache hit)
196 http cache dlv@https://registry.npmjs.org/dlv/-/dlv-1.1.3.tgz 0ms (cache hit)
197 http cache didyoumean@https://registry.npmjs.org/didyoumean/-/didyoumean-1.2.2.tgz 0ms (cache hit)
198 http cache detect-libc@https://registry.npmjs.org/detect-libc/-/detect-libc-2.1.2.tgz 0ms (cache hit)
199 http cache destr@https://registry.npmjs.org/destr/-/destr-2.0.5.tgz 0ms (cache hit)
200 http cache defu@https://registry.npmjs.org/defu/-/defu-6.1.7.tgz 0ms (cache hit)
201 http cache deepmerge-ts@https://registry.npmjs.org/deepmerge-ts/-/deepmerge-ts-7.1.5.tgz 0ms (cache hit)
202 http cache csstype@https://registry.npmjs.org/csstype/-/csstype-3.2.3.tgz 0ms (cache hit)
203 http cache cssesc@https://registry.npmjs.org/cssesc/-/cssesc-3.0.0.tgz 0ms (cache hit)
204 http cache convert-source-map@https://registry.npmjs.org/convert-source-map/-/convert-source-map-2.0.0.tgz 0ms (cache hit)
205 http cache consola@https://registry.npmjs.org/consola/-/consola-3.4.2.tgz 0ms (cache hit)
206 http cache confbox@https://registry.npmjs.org/confbox/-/confbox-0.2.4.tgz 0ms (cache hit)
207 http cache commander@https://registry.npmjs.org/commander/-/commander-4.1.1.tgz 0ms (cache hit)
208 http cache client-only@https://registry.npmjs.org/client-only/-/client-only-0.0.1.tgz 0ms (cache hit)
209 http cache citty@https://registry.npmjs.org/citty/-/citty-0.1.6.tgz 0ms (cache hit)
210 http cache chokidar@https://registry.npmjs.org/chokidar/-/chokidar-3.6.0.tgz 0ms (cache hit)
211 http cache chai@https://registry.npmjs.org/chai/-/chai-6.2.2.tgz 0ms (cache hit)
212 http cache caniuse-lite@https://registry.npmjs.org/caniuse-lite/-/caniuse-lite-1.0.30001806.tgz 0ms (cache hit)
213 http cache camelcase-css@https://registry.npmjs.org/camelcase-css/-/camelcase-css-2.0.1.tgz 0ms (cache hit)
214 http cache c12@https://registry.npmjs.org/c12/-/c12-3.1.0.tgz 0ms (cache hit)
215 http cache busboy@https://registry.npmjs.org/busboy/-/busboy-1.6.0.tgz 0ms (cache hit)
216 http cache browserslist@https://registry.npmjs.org/browserslist/-/browserslist-4.28.7.tgz 0ms (cache hit)
217 http cache braces@https://registry.npmjs.org/braces/-/braces-3.0.3.tgz 0ms (cache hit)
218 http cache binary-extensions@https://registry.npmjs.org/binary-extensions/-/binary-extensions-2.3.0.tgz 0ms (cache hit)
219 http cache bcryptjs@https://registry.npmjs.org/bcryptjs/-/bcryptjs-3.0.3.tgz 0ms (cache hit)
220 http cache baseline-browser-mapping@https://registry.npmjs.org/baseline-browser-mapping/-/baseline-browser-mapping-2.11.4.tgz 0ms (cache hit)
221 http cache autoprefixer@https://registry.npmjs.org/autoprefixer/-/autoprefixer-10.5.4.tgz 0ms (cache hit)
222 http cache assertion-error@https://registry.npmjs.org/assertion-error/-/assertion-error-2.0.1.tgz 0ms (cache hit)
223 http cache arg@https://registry.npmjs.org/arg/-/arg-5.0.2.tgz 0ms (cache hit)
224 http cache anymatch@https://registry.npmjs.org/anymatch/-/anymatch-3.1.3.tgz 0ms (cache hit)
225 http cache any-promise@https://registry.npmjs.org/any-promise/-/any-promise-1.3.0.tgz 0ms (cache hit)
226 http cache @vitest/utils@https://registry.npmjs.org/@vitest/utils/-/utils-4.1.10.tgz 0ms (cache hit)
227 http cache @vitest/spy@https://registry.npmjs.org/@vitest/spy/-/spy-4.1.10.tgz 0ms (cache hit)
228 http cache @vitest/snapshot@https://registry.npmjs.org/@vitest/snapshot/-/snapshot-4.1.10.tgz 0ms (cache hit)
229 http cache @vitest/runner@https://registry.npmjs.org/@vitest/runner/-/runner-4.1.10.tgz 0ms (cache hit)
230 http cache @vitest/pretty-format@https://registry.npmjs.org/@vitest/pretty-format/-/pretty-format-4.1.10.tgz 0ms (cache hit)
231 http cache @vitest/mocker@https://registry.npmjs.org/@vitest/mocker/-/mocker-4.1.10.tgz 0ms (cache hit)
232 http cache @vitest/expect@https://registry.npmjs.org/@vitest/expect/-/expect-4.1.10.tgz 0ms (cache hit)
233 http cache @types/react-dom@https://registry.npmjs.org/@types/react-dom/-/react-dom-18.3.7.tgz 0ms (cache hit)
234 http cache @types/react@https://registry.npmjs.org/@types/react/-/react-18.3.31.tgz 0ms (cache hit)
235 http cache @types/prop-types@https://registry.npmjs.org/@types/prop-types/-/prop-types-15.7.15.tgz 0ms (cache hit)
236 http cache @types/node@https://registry.npmjs.org/@types/node/-/node-20.19.43.tgz 0ms (cache hit)
237 http cache @types/estree@https://registry.npmjs.org/@types/estree/-/estree-1.0.9.tgz 0ms (cache hit)
238 http cache @types/deep-eql@https://registry.npmjs.org/@types/deep-eql/-/deep-eql-4.0.2.tgz 0ms (cache hit)
239 http cache @types/chai@https://registry.npmjs.org/@types/chai/-/chai-5.2.3.tgz 0ms (cache hit)
240 http cache @tybys/wasm-util@https://registry.npmjs.org/@tybys/wasm-util/-/wasm-util-0.10.3.tgz 0ms (cache hit)
241 http cache @swc/helpers@https://registry.npmjs.org/@swc/helpers/-/helpers-0.5.5.tgz 0ms (cache hit)
242 http cache @swc/counter@https://registry.npmjs.org/@swc/counter/-/counter-0.1.3.tgz 0ms (cache hit)
243 http cache @standard-schema/spec@https://registry.npmjs.org/@standard-schema/spec/-/spec-1.1.0.tgz 0ms (cache hit)
244 http cache @rolldown/pluginutils@https://registry.npmjs.org/@rolldown/pluginutils/-/pluginutils-1.0.1.tgz 0ms (cache hit)
245 http cache @rolldown/binding-linux-x64-gnu@https://registry.npmjs.org/@rolldown/binding-linux-x64-gnu/-/binding-linux-x64-gnu-1.1.5.tgz 0ms (cache hit)
246 http cache @prisma/fetch-engine@https://registry.npmjs.org/@prisma/fetch-engine/-/fetch-engine-6.19.3.tgz 0ms (cache hit)
247 http cache @prisma/engines-version@https://registry.npmjs.org/@prisma/engines-version/-/engines-version-7.1.1-3.c2990dca591cba766e3b7ef5d9e8a84796e47ab7.tgz 0ms (cache hit)
248 http cache @prisma/get-platform@https://registry.npmjs.org/@prisma/get-platform/-/get-platform-6.19.3.tgz 0ms (cache hit)
249 http cache @prisma/engines@https://registry.npmjs.org/@prisma/engines/-/engines-6.19.3.tgz 0ms (cache hit)
250 http cache @prisma/config@https://registry.npmjs.org/@prisma/config/-/config-6.19.3.tgz 0ms (cache hit)
251 http cache @prisma/client@https://registry.npmjs.org/@prisma/client/-/client-6.19.3.tgz 0ms (cache hit)
252 http cache @panva/hkdf@https://registry.npmjs.org/@panva/hkdf/-/hkdf-1.2.1.tgz 0ms (cache hit)
253 http cache @prisma/debug@https://registry.npmjs.org/@prisma/debug/-/debug-6.19.3.tgz 0ms (cache hit)
254 http cache @oxc-project/types@https://registry.npmjs.org/@oxc-project/types/-/types-0.139.0.tgz 0ms (cache hit)
255 http cache @nodelib/fs.walk@https://registry.npmjs.org/@nodelib/fs.walk/-/fs.walk-1.2.8.tgz 0ms (cache hit)
256 http cache @nodelib/fs.stat@https://registry.npmjs.org/@nodelib/fs.stat/-/fs.stat-2.0.5.tgz 0ms (cache hit)
257 http cache @nodelib/fs.scandir@https://registry.npmjs.org/@nodelib/fs.scandir/-/fs.scandir-2.1.5.tgz 0ms (cache hit)
258 http cache @next/swc-linux-x64-gnu@https://registry.npmjs.org/@next/swc-linux-x64-gnu/-/swc-linux-x64-gnu-14.2.33.tgz 0ms (cache hit)
259 http cache @next/env@https://registry.npmjs.org/@next/env/-/env-14.2.35.tgz 0ms (cache hit)
260 http cache @napi-rs/wasm-runtime@https://registry.npmjs.org/@napi-rs/wasm-runtime/-/wasm-runtime-1.1.6.tgz 0ms (cache hit)
261 http cache @jridgewell/trace-mapping@https://registry.npmjs.org/@jridgewell/trace-mapping/-/trace-mapping-0.3.31.tgz 0ms (cache hit)
262 http cache @jridgewell/sourcemap-codec@https://registry.npmjs.org/@jridgewell/sourcemap-codec/-/sourcemap-codec-1.5.5.tgz 0ms (cache hit)
263 http cache @jridgewell/resolve-uri@https://registry.npmjs.org/@jridgewell/resolve-uri/-/resolve-uri-3.1.2.tgz 0ms (cache hit)
264 http cache @jridgewell/gen-mapping@https://registry.npmjs.org/@jridgewell/gen-mapping/-/gen-mapping-0.3.13.tgz 0ms (cache hit)
265 http cache @emnapi/wasi-threads@https://registry.npmjs.org/@emnapi/wasi-threads/-/wasi-threads-1.2.2.tgz 0ms (cache hit)
266 http cache @emnapi/core@https://registry.npmjs.org/@emnapi/core/-/core-1.11.1.tgz 0ms (cache hit)
267 http cache @auth/core@https://registry.npmjs.org/@auth/core/-/core-0.41.3.tgz 0ms (cache hit)
268 http cache @emnapi/runtime@https://registry.npmjs.org/@emnapi/runtime/-/runtime-1.11.1.tgz 0ms (cache hit)
269 http cache @alloc/quick-lru@https://registry.npmjs.org/@alloc/quick-lru/-/quick-lru-5.2.0.tgz 0ms (cache hit)
270 http cache picomatch@https://registry.npmjs.org/picomatch/-/picomatch-4.0.5.tgz 0ms (cache hit)
271 http cache picomatch@https://registry.npmjs.org/picomatch/-/picomatch-4.0.5.tgz 0ms (cache hit)
272 http cache fdir@https://registry.npmjs.org/fdir/-/fdir-6.5.0.tgz 0ms (cache hit)
273 http cache picomatch@https://registry.npmjs.org/picomatch/-/picomatch-4.0.5.tgz 0ms (cache hit)
274 http cache postcss@https://registry.npmjs.org/postcss/-/postcss-8.4.31.tgz 0ms (cache hit)
275 http cache citty@https://registry.npmjs.org/citty/-/citty-0.2.2.tgz 0ms (cache hit)
276 http cache glob-parent@https://registry.npmjs.org/glob-parent/-/glob-parent-5.1.2.tgz 0ms (cache hit)
277 http cache readdirp@https://registry.npmjs.org/readdirp/-/readdirp-4.1.2.tgz 0ms (cache hit)
278 http cache jiti@https://registry.npmjs.org/jiti/-/jiti-2.7.0.tgz 0ms (cache hit)
279 http cache chokidar@https://registry.npmjs.org/chokidar/-/chokidar-4.0.3.tgz 0ms (cache hit)
280 http cache glob-parent@https://registry.npmjs.org/glob-parent/-/glob-parent-5.1.2.tgz 0ms (cache hit)
281 silly tarball no local data for why-is-node-running@https://registry.npmjs.org/why-is-node-running/-/why-is-node-running-2.3.0.tgz. Extracting by manifest.
282 silly tarball no local data for vitest@https://registry.npmjs.org/vitest/-/vitest-4.1.10.tgz. Extracting by manifest.
283 silly tarball no local data for vite@https://registry.npmjs.org/vite/-/vite-8.1.5.tgz. Extracting by manifest.
284 silly tarball no local data for util-deprecate@https://registry.npmjs.org/util-deprecate/-/util-deprecate-1.0.2.tgz. Extracting by manifest.
285 silly tarball no local data for update-browserslist-db@https://registry.npmjs.org/update-browserslist-db/-/update-browserslist-db-1.2.3.tgz. Extracting by manifest.
286 silly tarball no local data for typescript@https://registry.npmjs.org/typescript/-/typescript-5.9.3.tgz. Extracting by manifest.
287 silly tarball no local data for undici-types@https://registry.npmjs.org/undici-types/-/undici-types-6.21.0.tgz. Extracting by manifest.
288 silly tarball no local data for tslib@https://registry.npmjs.org/tslib/-/tslib-2.8.1.tgz. Extracting by manifest.
289 silly tarball no local data for ts-interface-checker@https://registry.npmjs.org/ts-interface-checker/-/ts-interface-checker-0.1.13.tgz. Extracting by manifest.
290 silly tarball no local data for to-regex-range@https://registry.npmjs.org/to-regex-range/-/to-regex-range-5.0.1.tgz. Extracting by manifest.
291 silly tarball no local data for tinyrainbow@https://registry.npmjs.org/tinyrainbow/-/tinyrainbow-3.1.0.tgz. Extracting by manifest.
292 silly tarball no local data for tinyglobby@https://registry.npmjs.org/tinyglobby/-/tinyglobby-0.2.17.tgz. Extracting by manifest.
293 silly tarball no local data for tinyexec@https://registry.npmjs.org/tinyexec/-/tinyexec-1.2.4.tgz. Extracting by manifest.
294 silly tarball no local data for tinybench@https://registry.npmjs.org/tinybench/-/tinybench-2.9.0.tgz. Extracting by manifest.
295 silly tarball no local data for thenify-all@https://registry.npmjs.org/thenify-all/-/thenify-all-1.6.0.tgz. Extracting by manifest.
296 silly tarball no local data for thenify@https://registry.npmjs.org/thenify/-/thenify-3.3.1.tgz. Extracting by manifest.
297 silly tarball no local data for tailwindcss@https://registry.npmjs.org/tailwindcss/-/tailwindcss-3.4.19.tgz. Extracting by manifest.
298 silly tarball no local data for supports-preserve-symlinks-flag@https://registry.npmjs.org/supports-preserve-symlinks-flag/-/supports-preserve-symlinks-flag-1.0.0.tgz. Extracting by manifest.
299 silly tarball no local data for sucrase@https://registry.npmjs.org/sucrase/-/sucrase-3.35.1.tgz. Extracting by manifest.
300 silly tarball no local data for styled-jsx@https://registry.npmjs.org/styled-jsx/-/styled-jsx-5.1.1.tgz. Extracting by manifest.
301 silly tarball no local data for streamsearch@https://registry.npmjs.org/streamsearch/-/streamsearch-1.1.0.tgz. Extracting by manifest.
302 silly tarball no local data for std-env@https://registry.npmjs.org/std-env/-/std-env-4.2.0.tgz. Extracting by manifest.
303 silly tarball no local data for stackback@https://registry.npmjs.org/stackback/-/stackback-0.0.2.tgz. Extracting by manifest.
304 silly tarball no local data for source-map-js@https://registry.npmjs.org/source-map-js/-/source-map-js-1.2.1.tgz. Extracting by manifest.
305 silly tarball no local data for siginfo@https://registry.npmjs.org/siginfo/-/siginfo-2.0.0.tgz. Extracting by manifest.
306 silly tarball no local data for server-only@https://registry.npmjs.org/server-only/-/server-only-0.0.1.tgz. Extracting by manifest.
307 silly tarball no local data for scheduler@https://registry.npmjs.org/scheduler/-/scheduler-0.23.2.tgz. Extracting by manifest.
308 silly tarball no local data for run-parallel@https://registry.npmjs.org/run-parallel/-/run-parallel-1.2.0.tgz. Extracting by manifest.
309 silly tarball no local data for rolldown@https://registry.npmjs.org/rolldown/-/rolldown-1.1.5.tgz. Extracting by manifest.
310 silly tarball no local data for reusify@https://registry.npmjs.org/reusify/-/reusify-1.1.0.tgz. Extracting by manifest.
311 silly tarball no local data for resolve@https://registry.npmjs.org/resolve/-/resolve-1.22.12.tgz. Extracting by manifest.
312 silly tarball no local data for readdirp@https://registry.npmjs.org/readdirp/-/readdirp-3.6.0.tgz. Extracting by manifest.
313 silly tarball no local data for read-cache@https://registry.npmjs.org/read-cache/-/read-cache-1.0.0.tgz. Extracting by manifest.
314 silly tarball no local data for react-dom@https://registry.npmjs.org/react-dom/-/react-dom-18.3.1.tgz. Extracting by manifest.
315 silly tarball no local data for react@https://registry.npmjs.org/react/-/react-18.3.1.tgz. Extracting by manifest.
316 silly tarball no local data for rc9@https://registry.npmjs.org/rc9/-/rc9-2.1.2.tgz. Extracting by manifest.
317 silly tarball no local data for queue-microtask@https://registry.npmjs.org/queue-microtask/-/queue-microtask-1.2.3.tgz. Extracting by manifest.
318 silly tarball no local data for pure-rand@https://registry.npmjs.org/pure-rand/-/pure-rand-6.1.0.tgz. Extracting by manifest.
319 silly tarball no local data for prisma@https://registry.npmjs.org/prisma/-/prisma-6.19.3.tgz. Extracting by manifest.
320 silly tarball no local data for preact-render-to-string@https://registry.npmjs.org/preact-render-to-string/-/preact-render-to-string-6.5.11.tgz. Extracting by manifest.
321 silly tarball no local data for preact@https://registry.npmjs.org/preact/-/preact-10.24.3.tgz. Extracting by manifest.
322 silly tarball no local data for postcss-value-parser@https://registry.npmjs.org/postcss-value-parser/-/postcss-value-parser-4.2.0.tgz. Extracting by manifest.
323 silly tarball no local data for postcss-selector-parser@https://registry.npmjs.org/postcss-selector-parser/-/postcss-selector-parser-6.1.4.tgz. Extracting by manifest.
324 silly tarball no local data for postcss-nested@https://registry.npmjs.org/postcss-nested/-/postcss-nested-6.2.0.tgz. Extracting by manifest.
325 silly tarball no local data for postcss-load-config@https://registry.npmjs.org/postcss-load-config/-/postcss-load-config-6.0.1.tgz. Extracting by manifest.
326 silly tarball no local data for postcss-js@https://registry.npmjs.org/postcss-js/-/postcss-js-4.1.0.tgz. Extracting by manifest.
327 silly tarball no local data for postcss-import@https://registry.npmjs.org/postcss-import/-/postcss-import-15.1.0.tgz. Extracting by manifest.
328 silly tarball no local data for postcss@https://registry.npmjs.org/postcss/-/postcss-8.5.23.tgz. Extracting by manifest.
329 silly tarball no local data for pkg-types@https://registry.npmjs.org/pkg-types/-/pkg-types-2.3.1.tgz. Extracting by manifest.
330 silly tarball no local data for pirates@https://registry.npmjs.org/pirates/-/pirates-4.0.7.tgz. Extracting by manifest.
331 silly tarball no local data for pify@https://registry.npmjs.org/pify/-/pify-2.3.0.tgz. Extracting by manifest.
332 silly tarball no local data for picomatch@https://registry.npmjs.org/picomatch/-/picomatch-2.3.2.tgz. Extracting by manifest.
333 silly tarball no local data for picocolors@https://registry.npmjs.org/picocolors/-/picocolors-1.1.1.tgz. Extracting by manifest.
334 silly tarball no local data for perfect-debounce@https://registry.npmjs.org/perfect-debounce/-/perfect-debounce-1.0.0.tgz. Extracting by manifest.
335 silly tarball no local data for pathe@https://registry.npmjs.org/pathe/-/pathe-2.0.3.tgz. Extracting by manifest.
336 silly tarball no local data for path-parse@https://registry.npmjs.org/path-parse/-/path-parse-1.0.7.tgz. Extracting by manifest.
337 silly tarball no local data for ohash@https://registry.npmjs.org/ohash/-/ohash-2.0.11.tgz. Extracting by manifest.
338 silly tarball no local data for obug@https://registry.npmjs.org/obug/-/obug-2.1.4.tgz. Extracting by manifest.
339 silly tarball no local data for object-hash@https://registry.npmjs.org/object-hash/-/object-hash-3.0.0.tgz. Extracting by manifest.
340 silly tarball no local data for object-assign@https://registry.npmjs.org/object-assign/-/object-assign-4.1.1.tgz. Extracting by manifest.
341 silly tarball no local data for oauth4webapi@https://registry.npmjs.org/oauth4webapi/-/oauth4webapi-3.8.6.tgz. Extracting by manifest.
342 silly tarball no local data for normalize-path@https://registry.npmjs.org/normalize-path/-/normalize-path-3.0.0.tgz. Extracting by manifest.
343 silly tarball no local data for node-releases@https://registry.npmjs.org/node-releases/-/node-releases-2.0.51.tgz. Extracting by manifest.
344 silly tarball no local data for node-fetch-native@https://registry.npmjs.org/node-fetch-native/-/node-fetch-native-1.6.7.tgz. Extracting by manifest.
345 silly tarball no local data for nypm@https://registry.npmjs.org/nypm/-/nypm-0.6.8.tgz. Extracting by manifest.
346 silly tarball no local data for next-auth@https://registry.npmjs.org/next-auth/-/next-auth-5.0.0-beta.32.tgz. Extracting by manifest.
347 silly tarball no local data for next@https://registry.npmjs.org/next/-/next-14.2.35.tgz. Extracting by manifest.
348 silly tarball no local data for nanoid@https://registry.npmjs.org/nanoid/-/nanoid-3.3.16.tgz. Extracting by manifest.
349 silly tarball no local data for mz@https://registry.npmjs.org/mz/-/mz-2.7.0.tgz. Extracting by manifest.
350 silly tarball no local data for merge2@https://registry.npmjs.org/merge2/-/merge2-1.4.1.tgz. Extracting by manifest.
351 silly tarball no local data for micromatch@https://registry.npmjs.org/micromatch/-/micromatch-4.0.8.tgz. Extracting by manifest.
352 silly tarball no local data for magic-string@https://registry.npmjs.org/magic-string/-/magic-string-0.30.21.tgz. Extracting by manifest.
353 silly tarball no local data for loose-envify@https://registry.npmjs.org/loose-envify/-/loose-envify-1.4.0.tgz. Extracting by manifest.
354 silly tarball no local data for lines-and-columns@https://registry.npmjs.org/lines-and-columns/-/lines-and-columns-1.2.4.tgz. Extracting by manifest.
355 silly tarball no local data for lightningcss-linux-x64-gnu@https://registry.npmjs.org/lightningcss-linux-x64-gnu/-/lightningcss-linux-x64-gnu-1.33.0.tgz. Extracting by manifest.
356 silly tarball no local data for lightningcss@https://registry.npmjs.org/lightningcss/-/lightningcss-1.33.0.tgz. Extracting by manifest.
357 silly tarball no local data for lilconfig@https://registry.npmjs.org/lilconfig/-/lilconfig-3.1.3.tgz. Extracting by manifest.
358 silly tarball no local data for jose@https://registry.npmjs.org/jose/-/jose-6.2.4.tgz. Extracting by manifest.
359 silly tarball no local data for js-tokens@https://registry.npmjs.org/js-tokens/-/js-tokens-4.0.0.tgz. Extracting by manifest.
360 silly tarball no local data for is-number@https://registry.npmjs.org/is-number/-/is-number-7.0.0.tgz. Extracting by manifest.
361 silly tarball no local data for is-glob@https://registry.npmjs.org/is-glob/-/is-glob-4.0.3.tgz. Extracting by manifest.
362 silly tarball no local data for is-extglob@https://registry.npmjs.org/is-extglob/-/is-extglob-2.1.1.tgz. Extracting by manifest.
363 silly tarball no local data for is-core-module@https://registry.npmjs.org/is-core-module/-/is-core-module-2.16.2.tgz. Extracting by manifest.
364 silly tarball no local data for is-binary-path@https://registry.npmjs.org/is-binary-path/-/is-binary-path-2.1.0.tgz. Extracting by manifest.
365 silly tarball no local data for hasown@https://registry.npmjs.org/hasown/-/hasown-2.0.4.tgz. Extracting by manifest.
366 silly tarball no local data for graceful-fs@https://registry.npmjs.org/graceful-fs/-/graceful-fs-4.2.11.tgz. Extracting by manifest.
367 silly tarball no local data for glob-parent@https://registry.npmjs.org/glob-parent/-/glob-parent-6.0.2.tgz. Extracting by manifest.
368 silly tarball no local data for jiti@https://registry.npmjs.org/jiti/-/jiti-1.21.7.tgz. Extracting by manifest.
369 silly tarball no local data for giget@https://registry.npmjs.org/giget/-/giget-2.0.0.tgz. Extracting by manifest.
370 silly tarball no local data for fraction.js@https://registry.npmjs.org/fraction.js/-/fraction.js-5.3.4.tgz. Extracting by manifest.
371 silly tarball no local data for fill-range@https://registry.npmjs.org/fill-range/-/fill-range-7.1.1.tgz. Extracting by manifest.
372 silly tarball no local data for function-bind@https://registry.npmjs.org/function-bind/-/function-bind-1.1.2.tgz. Extracting by manifest.
373 silly tarball no local data for fast-glob@https://registry.npmjs.org/fast-glob/-/fast-glob-3.3.3.tgz. Extracting by manifest.
374 silly tarball no local data for fast-check@https://registry.npmjs.org/fast-check/-/fast-check-3.23.2.tgz. Extracting by manifest.
375 silly tarball no local data for exsolve@https://registry.npmjs.org/exsolve/-/exsolve-1.1.0.tgz. Extracting by manifest.
376 silly tarball no local data for expect-type@https://registry.npmjs.org/expect-type/-/expect-type-1.4.0.tgz. Extracting by manifest.
377 silly tarball no local data for estree-walker@https://registry.npmjs.org/estree-walker/-/estree-walker-3.0.3.tgz. Extracting by manifest.
378 silly tarball no local data for escalade@https://registry.npmjs.org/escalade/-/escalade-3.2.0.tgz. Extracting by manifest.
379 silly tarball no local data for es-module-lexer@https://registry.npmjs.org/es-module-lexer/-/es-module-lexer-2.3.1.tgz. Extracting by manifest.
380 silly tarball no local data for es-errors@https://registry.npmjs.org/es-errors/-/es-errors-1.3.0.tgz. Extracting by manifest.
381 silly tarball no local data for empathic@https://registry.npmjs.org/empathic/-/empathic-2.0.0.tgz. Extracting by manifest.
382 silly tarball no local data for electron-to-chromium@https://registry.npmjs.org/electron-to-chromium/-/electron-to-chromium-1.5.396.tgz. Extracting by manifest.
383 silly tarball no local data for fastq@https://registry.npmjs.org/fastq/-/fastq-1.20.1.tgz. Extracting by manifest.
384 silly tarball no local data for effect@https://registry.npmjs.org/effect/-/effect-3.21.0.tgz. Extracting by manifest.
385 silly tarball no local data for dotenv@https://registry.npmjs.org/dotenv/-/dotenv-16.6.1.tgz. Extracting by manifest.
386 silly tarball no local data for dlv@https://registry.npmjs.org/dlv/-/dlv-1.1.3.tgz. Extracting by manifest.
387 silly tarball no local data for didyoumean@https://registry.npmjs.org/didyoumean/-/didyoumean-1.2.2.tgz. Extracting by manifest.
388 silly tarball no local data for detect-libc@https://registry.npmjs.org/detect-libc/-/detect-libc-2.1.2.tgz. Extracting by manifest.
389 silly tarball no local data for destr@https://registry.npmjs.org/destr/-/destr-2.0.5.tgz. Extracting by manifest.
390 silly tarball no local data for defu@https://registry.npmjs.org/defu/-/defu-6.1.7.tgz. Extracting by manifest.
391 silly tarball no local data for deepmerge-ts@https://registry.npmjs.org/deepmerge-ts/-/deepmerge-ts-7.1.5.tgz. Extracting by manifest.
392 silly tarball no local data for csstype@https://registry.npmjs.org/csstype/-/csstype-3.2.3.tgz. Extracting by manifest.
393 silly tarball no local data for cssesc@https://registry.npmjs.org/cssesc/-/cssesc-3.0.0.tgz. Extracting by manifest.
394 silly tarball no local data for convert-source-map@https://registry.npmjs.org/convert-source-map/-/convert-source-map-2.0.0.tgz. Extracting by manifest.
395 silly tarball no local data for consola@https://registry.npmjs.org/consola/-/consola-3.4.2.tgz. Extracting by manifest.
396 silly tarball no local data for confbox@https://registry.npmjs.org/confbox/-/confbox-0.2.4.tgz. Extracting by manifest.
397 silly tarball no local data for commander@https://registry.npmjs.org/commander/-/commander-4.1.1.tgz. Extracting by manifest.
398 silly tarball no local data for client-only@https://registry.npmjs.org/client-only/-/client-only-0.0.1.tgz. Extracting by manifest.
399 silly tarball no local data for citty@https://registry.npmjs.org/citty/-/citty-0.1.6.tgz. Extracting by manifest.
400 silly tarball no local data for chokidar@https://registry.npmjs.org/chokidar/-/chokidar-3.6.0.tgz. Extracting by manifest.
401 silly tarball no local data for chai@https://registry.npmjs.org/chai/-/chai-6.2.2.tgz. Extracting by manifest.
402 silly tarball no local data for caniuse-lite@https://registry.npmjs.org/caniuse-lite/-/caniuse-lite-1.0.30001806.tgz. Extracting by manifest.
403 silly tarball no local data for camelcase-css@https://registry.npmjs.org/camelcase-css/-/camelcase-css-2.0.1.tgz. Extracting by manifest.
404 silly tarball no local data for c12@https://registry.npmjs.org/c12/-/c12-3.1.0.tgz. Extracting by manifest.
405 silly tarball no local data for busboy@https://registry.npmjs.org/busboy/-/busboy-1.6.0.tgz. Extracting by manifest.
406 silly tarball no local data for browserslist@https://registry.npmjs.org/browserslist/-/browserslist-4.28.7.tgz. Extracting by manifest.
407 silly tarball no local data for braces@https://registry.npmjs.org/braces/-/braces-3.0.3.tgz. Extracting by manifest.
408 silly tarball no local data for binary-extensions@https://registry.npmjs.org/binary-extensions/-/binary-extensions-2.3.0.tgz. Extracting by manifest.
409 silly tarball no local data for bcryptjs@https://registry.npmjs.org/bcryptjs/-/bcryptjs-3.0.3.tgz. Extracting by manifest.
410 silly tarball no local data for baseline-browser-mapping@https://registry.npmjs.org/baseline-browser-mapping/-/baseline-browser-mapping-2.11.4.tgz. Extracting by manifest.
411 silly tarball no local data for autoprefixer@https://registry.npmjs.org/autoprefixer/-/autoprefixer-10.5.4.tgz. Extracting by manifest.
412 silly tarball no local data for assertion-error@https://registry.npmjs.org/assertion-error/-/assertion-error-2.0.1.tgz. Extracting by manifest.
413 silly tarball no local data for arg@https://registry.npmjs.org/arg/-/arg-5.0.2.tgz. Extracting by manifest.
414 silly tarball no local data for anymatch@https://registry.npmjs.org/anymatch/-/anymatch-3.1.3.tgz. Extracting by manifest.
415 silly tarball no local data for any-promise@https://registry.npmjs.org/any-promise/-/any-promise-1.3.0.tgz. Extracting by manifest.
416 silly tarball no local data for @vitest/utils@https://registry.npmjs.org/@vitest/utils/-/utils-4.1.10.tgz. Extracting by manifest.
417 silly tarball no local data for @vitest/spy@https://registry.npmjs.org/@vitest/spy/-/spy-4.1.10.tgz. Extracting by manifest.
418 silly tarball no local data for @vitest/snapshot@https://registry.npmjs.org/@vitest/snapshot/-/snapshot-4.1.10.tgz. Extracting by manifest.
419 silly tarball no local data for @vitest/runner@https://registry.npmjs.org/@vitest/runner/-/runner-4.1.10.tgz. Extracting by manifest.
420 silly tarball no local data for @vitest/pretty-format@https://registry.npmjs.org/@vitest/pretty-format/-/pretty-format-4.1.10.tgz. Extracting by manifest.
421 silly tarball no local data for @vitest/mocker@https://registry.npmjs.org/@vitest/mocker/-/mocker-4.1.10.tgz. Extracting by manifest.
422 silly tarball no local data for @vitest/expect@https://registry.npmjs.org/@vitest/expect/-/expect-4.1.10.tgz. Extracting by manifest.
423 silly tarball no local data for @types/react-dom@https://registry.npmjs.org/@types/react-dom/-/react-dom-18.3.7.tgz. Extracting by manifest.
424 silly tarball no local data for @types/react@https://registry.npmjs.org/@types/react/-/react-18.3.31.tgz. Extracting by manifest.
425 silly tarball no local data for @types/prop-types@https://registry.npmjs.org/@types/prop-types/-/prop-types-15.7.15.tgz. Extracting by manifest.
426 silly tarball no local data for @types/node@https://registry.npmjs.org/@types/node/-/node-20.19.43.tgz. Extracting by manifest.
427 silly tarball no local data for @types/estree@https://registry.npmjs.org/@types/estree/-/estree-1.0.9.tgz. Extracting by manifest.
428 silly tarball no local data for @types/deep-eql@https://registry.npmjs.org/@types/deep-eql/-/deep-eql-4.0.2.tgz. Extracting by manifest.
429 silly tarball no local data for @types/chai@https://registry.npmjs.org/@types/chai/-/chai-5.2.3.tgz. Extracting by manifest.
430 silly tarball no local data for @tybys/wasm-util@https://registry.npmjs.org/@tybys/wasm-util/-/wasm-util-0.10.3.tgz. Extracting by manifest.
431 silly tarball no local data for @swc/helpers@https://registry.npmjs.org/@swc/helpers/-/helpers-0.5.5.tgz. Extracting by manifest.
432 silly tarball no local data for @swc/counter@https://registry.npmjs.org/@swc/counter/-/counter-0.1.3.tgz. Extracting by manifest.
433 silly tarball no local data for @standard-schema/spec@https://registry.npmjs.org/@standard-schema/spec/-/spec-1.1.0.tgz. Extracting by manifest.
434 silly tarball no local data for @rolldown/pluginutils@https://registry.npmjs.org/@rolldown/pluginutils/-/pluginutils-1.0.1.tgz. Extracting by manifest.
435 silly tarball no local data for @rolldown/binding-linux-x64-gnu@https://registry.npmjs.org/@rolldown/binding-linux-x64-gnu/-/binding-linux-x64-gnu-1.1.5.tgz. Extracting by manifest.
436 silly tarball no local data for @prisma/fetch-engine@https://registry.npmjs.org/@prisma/fetch-engine/-/fetch-engine-6.19.3.tgz. Extracting by manifest.
437 silly tarball no local data for @prisma/engines-version@https://registry.npmjs.org/@prisma/engines-version/-/engines-version-7.1.1-3.c2990dca591cba766e3b7ef5d9e8a84796e47ab7.tgz. Extracting by manifest.
438 silly tarball no local data for @prisma/get-platform@https://registry.npmjs.org/@prisma/get-platform/-/get-platform-6.19.3.tgz. Extracting by manifest.
439 silly tarball no local data for @prisma/engines@https://registry.npmjs.org/@prisma/engines/-/engines-6.19.3.tgz. Extracting by manifest.
440 silly tarball no local data for @prisma/config@https://registry.npmjs.org/@prisma/config/-/config-6.19.3.tgz. Extracting by manifest.
441 silly tarball no local data for @prisma/client@https://registry.npmjs.org/@prisma/client/-/client-6.19.3.tgz. Extracting by manifest.
442 silly tarball no local data for @panva/hkdf@https://registry.npmjs.org/@panva/hkdf/-/hkdf-1.2.1.tgz. Extracting by manifest.
443 silly tarball no local data for @prisma/debug@https://registry.npmjs.org/@prisma/debug/-/debug-6.19.3.tgz. Extracting by manifest.
444 silly tarball no local data for @oxc-project/types@https://registry.npmjs.org/@oxc-project/types/-/types-0.139.0.tgz. Extracting by manifest.
445 silly tarball no local data for @nodelib/fs.walk@https://registry.npmjs.org/@nodelib/fs.walk/-/fs.walk-1.2.8.tgz. Extracting by manifest.
446 silly tarball no local data for @nodelib/fs.stat@https://registry.npmjs.org/@nodelib/fs.stat/-/fs.stat-2.0.5.tgz. Extracting by manifest.
447 silly tarball no local data for @nodelib/fs.scandir@https://registry.npmjs.org/@nodelib/fs.scandir/-/fs.scandir-2.1.5.tgz. Extracting by manifest.
448 silly tarball no local data for @next/swc-linux-x64-gnu@https://registry.npmjs.org/@next/swc-linux-x64-gnu/-/swc-linux-x64-gnu-14.2.33.tgz. Extracting by manifest.
449 silly tarball no local data for @next/env@https://registry.npmjs.org/@next/env/-/env-14.2.35.tgz. Extracting by manifest.
450 silly tarball no local data for @napi-rs/wasm-runtime@https://registry.npmjs.org/@napi-rs/wasm-runtime/-/wasm-runtime-1.1.6.tgz. Extracting by manifest.
451 silly tarball no local data for @jridgewell/trace-mapping@https://registry.npmjs.org/@jridgewell/trace-mapping/-/trace-mapping-0.3.31.tgz. Extracting by manifest.
452 silly tarball no local data for @jridgewell/sourcemap-codec@https://registry.npmjs.org/@jridgewell/sourcemap-codec/-/sourcemap-codec-1.5.5.tgz. Extracting by manifest.
453 silly tarball no local data for @jridgewell/resolve-uri@https://registry.npmjs.org/@jridgewell/resolve-uri/-/resolve-uri-3.1.2.tgz. Extracting by manifest.
454 silly tarball no local data for @jridgewell/gen-mapping@https://registry.npmjs.org/@jridgewell/gen-mapping/-/gen-mapping-0.3.13.tgz. Extracting by manifest.
455 silly tarball no local data for @emnapi/wasi-threads@https://registry.npmjs.org/@emnapi/wasi-threads/-/wasi-threads-1.2.2.tgz. Extracting by manifest.
456 silly tarball no local data for @emnapi/core@https://registry.npmjs.org/@emnapi/core/-/core-1.11.1.tgz. Extracting by manifest.
457 silly tarball no local data for @auth/core@https://registry.npmjs.org/@auth/core/-/core-0.41.3.tgz. Extracting by manifest.
458 silly tarball no local data for @emnapi/runtime@https://registry.npmjs.org/@emnapi/runtime/-/runtime-1.11.1.tgz. Extracting by manifest.
459 silly tarball no local data for @alloc/quick-lru@https://registry.npmjs.org/@alloc/quick-lru/-/quick-lru-5.2.0.tgz. Extracting by manifest.
460 silly tarball no local data for picomatch@https://registry.npmjs.org/picomatch/-/picomatch-4.0.5.tgz. Extracting by manifest.
461 silly tarball no local data for picomatch@https://registry.npmjs.org/picomatch/-/picomatch-4.0.5.tgz. Extracting by manifest.
462 silly tarball no local data for fdir@https://registry.npmjs.org/fdir/-/fdir-6.5.0.tgz. Extracting by manifest.
463 silly tarball no local data for picomatch@https://registry.npmjs.org/picomatch/-/picomatch-4.0.5.tgz. Extracting by manifest.
464 silly tarball no local data for postcss@https://registry.npmjs.org/postcss/-/postcss-8.4.31.tgz. Extracting by manifest.
465 silly tarball no local data for citty@https://registry.npmjs.org/citty/-/citty-0.2.2.tgz. Extracting by manifest.
466 silly tarball no local data for glob-parent@https://registry.npmjs.org/glob-parent/-/glob-parent-5.1.2.tgz. Extracting by manifest.
467 silly tarball no local data for readdirp@https://registry.npmjs.org/readdirp/-/readdirp-4.1.2.tgz. Extracting by manifest.
468 silly tarball no local data for jiti@https://registry.npmjs.org/jiti/-/jiti-2.7.0.tgz. Extracting by manifest.
469 silly tarball no local data for chokidar@https://registry.npmjs.org/chokidar/-/chokidar-4.0.3.tgz. Extracting by manifest.
470 silly tarball no local data for glob-parent@https://registry.npmjs.org/glob-parent/-/glob-parent-5.1.2.tgz. Extracting by manifest.
471 http fetch POST 200 https://registry.npmjs.org/-/npm/v1/security/advisories/bulk 576ms
472 silly audit report {
472 silly audit report   next: [
472 silly audit report     {
472 silly audit report       id: 1117931,
472 silly audit report       url: 'https://github.com/advisories/GHSA-8h8q-6873-q5fj',
472 silly audit report       title: 'Next.js Vulnerable to Denial of Service with Server Components',
472 silly audit report       severity: 'high',
472 silly audit report       vulnerable_versions: '>=13.0.0 <15.5.16',
472 silly audit report       cwe: [Array],
472 silly audit report       cvss: [Object]
472 silly audit report     },
472 silly audit report     {
472 silly audit report       id: 1118942,
472 silly audit report       url: 'https://github.com/advisories/GHSA-3g8h-86w9-wvmq',
472 silly audit report       title: "Next.js's Middleware / Proxy redirects can be cache-poisoned",
472 silly audit report       severity: 'low',
472 silly audit report       vulnerable_versions: '>=12.2.0 <15.5.16',
472 silly audit report       cwe: [Array],
472 silly audit report       cvss: [Object]
472 silly audit report     },
472 silly audit report     {
472 silly audit report       id: 1118944,
472 silly audit report       url: 'https://github.com/advisories/GHSA-ffhc-5mcf-pf4q',
472 silly audit report       title: 'Next.js vulnerable to cross-site scripting in App Router applications using CSP nonces',
472 silly audit report       severity: 'moderate',
472 silly audit report       vulnerable_versions: '>=13.4.0 <15.5.16',
472 silly audit report       cwe: [Array],
472 silly audit report       cvss: [Object]
472 silly audit report     },
472 silly audit report     {
472 silly audit report       id: 1118946,
472 silly audit report       url: 'https://github.com/advisories/GHSA-vfv6-92ff-j949',
472 silly audit report       title: 'Next.js vulnerable to cache poisoning via collisions in React Server Component cache-busting',
472 silly audit report       severity: 'low',
472 silly audit report       vulnerable_versions: '>=13.4.6 <15.5.16',
472 silly audit report       cwe: [Array],
472 silly audit report       cvss: [Object]
472 silly audit report     },
472 silly audit report     {
472 silly audit report       id: 1118948,
472 silly audit report       url: 'https://github.com/advisories/GHSA-gx5p-jg67-6x7h',
472 silly audit report       title: 'Next.js has cross-site scripting in beforeInteractive scripts with untrusted input',
472 silly audit report       severity: 'moderate',
472 silly audit report       vulnerable_versions: '>=13.0.0 <15.5.16',
472 silly audit report       cwe: [Array],
472 silly audit report       cvss: [Object]
472 silly audit report     },
472 silly audit report     {
472 silly audit report       id: 1118952,
472 silly audit report       url: 'https://github.com/advisories/GHSA-h64f-5h5j-jqjh',
472 silly audit report       title: 'Next.js has a Denial of Service in the Image Optimization API',
472 silly audit report       severity: 'moderate',
472 silly audit report       vulnerable_versions: '>=10.0.0 <15.5.16',
472 silly audit report       cwe: [Array],
472 silly audit report       cvss: [Object]
472 silly audit report     },
472 silly audit report     {
472 silly audit report       id: 1118954,
472 silly audit report       url: 'https://github.com/advisories/GHSA-c4j6-fc7j-m34r',
472 silly audit report       title: 'Next.js vulnerable to server-side request forgery in applications using WebSocket upgrades',
472 silly audit report       severity: 'high',
472 silly audit report       vulnerable_versions: '>=13.4.13 <15.5.16',
472 silly audit report       cwe: [Array],
472 silly audit report       cvss: [Object]
472 silly audit report     },
472 silly audit report     {
472 silly audit report       id: 1118958,
472 silly audit report       url: 'https://github.com/advisories/GHSA-wfc6-r584-vfw7',
472 silly audit report       title: 'Next.js vulnerable to cache poisoning in React Server Component responses',
472 silly audit report       severity: 'moderate',
472 silly audit report       vulnerable_versions: '>=14.2.0 <15.5.16',
472 silly audit report       cwe: [Array],
472 silly audit report       cvss: [Object]
472 silly audit report     },
472 silly audit report     {
472 silly audit report       id: 1118962,
472 silly audit report       url: 'https://github.com/advisories/GHSA-36qx-fr4f-26g5',
472 silly audit report       title: 'Next.js has a Middleware / Proxy bypass in Pages Router applications using i18n',
472 silly audit report       severity: 'high',
472 silly audit report       vulnerable_versions: '>=12.2.0 <15.5.16',
472 silly audit report       cwe: [Array],
472 silly audit report       cvss: [Object]
472 silly audit report     },
472 silly audit report     {
472 silly audit report       id: 1112593,
472 silly audit report       url: 'https://github.com/advisories/GHSA-9g9p-9gw9-jx7f',
472 silly audit report       title: 'Next.js self-hosted applications vulnerable to DoS via Image Optimizer remotePatterns configuration',
472 silly audit report       severity: 'moderate',
472 silly audit report       vulnerable_versions: '>=10.0.0 <15.5.10',
472 silly audit report       cwe: [Array],
472 silly audit report       cvss: [Object]
472 silly audit report     },
472 silly audit report     {
472 silly audit report       id: 1112653,
472 silly audit report       url: 'https://github.com/advisories/GHSA-h25m-26qc-wcjf',
472 silly audit report       title: 'Next.js HTTP request deserialization can lead to DoS when using insecure React Server Components',
472 silly audit report       severity: 'high',
472 silly audit report       vulnerable_versions: '>=13.0.0 <15.0.8',
472 silly audit report       cwe: [Array],
472 silly audit report       cvss: [Object]
472 silly audit report     },
472 silly audit report     {
472 silly audit report       id: 1114897,
472 silly audit report       url: 'https://github.com/advisories/GHSA-ggv3-7p47-pfv8',
472 silly audit report       title: 'Next.js: HTTP request smuggling in rewrites',
472 silly audit report       severity: 'moderate',
472 silly audit report       vulnerable_versions: '>=9.5.0 <15.5.13',
472 silly audit report       cwe: [Array],
472 silly audit report       cvss: [Object]
472 silly audit report     },
472 silly audit report     {
472 silly audit report       id: 1114940,
472 silly audit report       url: 'https://github.com/advisories/GHSA-3x4c-7xq6-9pq8',
472 silly audit report       title: 'Next.js: Unbounded next/image disk cache growth can exhaust storage',
472 silly audit report       severity: 'moderate',
472 silly audit report       vulnerable_versions: '>=10.0.0 <15.5.14',
472 silly audit report       cwe: [Array],
472 silly audit report       cvss: [Object]
472 silly audit report     },
472 silly audit report     {
472 silly audit report       id: 1116376,
472 silly audit report       url: 'https://github.com/advisories/GHSA-q4gf-8mx6-v5v3',
472 silly audit report       title: 'Next.js has a Denial of Service with Server Components',
472 silly audit report       severity: 'high',
472 silly audit report       vulnerable_versions: '>=13.0.0 <15.5.15',
472 silly audit report       cwe: [Array],
472 silly audit report       cvss: [Object]
472 silly audit report     },
472 silly audit report     {
472 silly audit report       id: 1124185,
472 silly audit report       url: 'https://github.com/advisories/GHSA-89xv-2m56-2m9x',
472 silly audit report       title: 'Next.js: Server-Side Request Forgery in Server Actions on custom servers',
472 silly audit report       severity: 'high',
472 silly audit report       vulnerable_versions: '>=14.1.1 <15.5.21',
472 silly audit report       cwe: [Array],
472 silly audit report       cvss: [Object]
472 silly audit report     },
472 silly audit report     {
472 silly audit report       id: 1124172,
472 silly audit report       url: 'https://github.com/advisories/GHSA-m99w-x7hq-7vfj',
472 silly audit report       title: 'Next.js: Denial of Service in App Router using Server Actions',
472 silly audit report       severity: 'high',
472 silly audit report       vulnerable_versions: '>=13.0.0 <15.5.21',
472 silly audit report       cwe: [Array],
472 silly audit report       cvss: [Object]
472 silly audit report     },
472 silly audit report     {
472 silly audit report       id: 1124187,
472 silly audit report       url: 'https://github.com/advisories/GHSA-68g3-v927-f742',
472 silly audit report       title: 'Next.js: Cache confusion of response bodies for requests with bodies',
472 silly audit report       severity: 'moderate',
472 silly audit report       vulnerable_versions: '>=13.0.0 <15.5.21',
472 silly audit report       cwe: [Array],
472 silly audit report       cvss: [Object]
472 silly audit report     },
472 silly audit report     {
472 silly audit report       id: 1124189,
472 silly audit report       url: 'https://github.com/advisories/GHSA-4633-3j49-mh5q',
472 silly audit report       title: 'Next.js: Cache confusion of response bodies for requests with bodies containing invalid UTF-8 byte sequences',
472 silly audit report       severity: 'moderate',
472 silly audit report       vulnerable_versions: '>=13.0.0 <15.5.21',
472 silly audit report       cwe: [Array],
472 silly audit report       cvss: [Object]
472 silly audit report     },
472 silly audit report     {
472 silly audit report       id: 1124191,
472 silly audit report       url: 'https://github.com/advisories/GHSA-4c39-4ccg-62r3',
472 silly audit report       title: 'Next.js: Unbounded Server Action payload in Edge runtime',
472 silly audit report       severity: 'moderate',
472 silly audit report       vulnerable_versions: '>=13.0.0 <15.5.21',
472 silly audit report       cwe: [Array],
472 silly audit report       cvss: [Object]
472 silly audit report     },
472 silly audit report     {
472 silly audit report       id: 1124193,
472 silly audit report       url: 'https://github.com/advisories/GHSA-p9j2-gv94-2wf4',
472 silly audit report       title: 'Next.js: Server-Side Request Forgery in rewrites via attacker-controlled destination hostname',
472 silly audit report       severity: 'high',
472 silly audit report       vulnerable_versions: '>=12.0.0 <15.5.21',
472 silly audit report       cwe: [Array],
472 silly audit report       cvss: [Object]
472 silly audit report     },
472 silly audit report     {
472 silly audit report       id: 1124197,
472 silly audit report       url: 'https://github.com/advisories/GHSA-955p-x3mx-jcvp',
472 silly audit report       title: 'Next.js: Unauthenticated disclosure of internal Server Function endpoints',
472 silly audit report       severity: 'moderate',
472 silly audit report       vulnerable_versions: '>=13.0.0 <15.5.21',
472 silly audit report       cwe: [Array],
472 silly audit report       cvss: [Object]
472 silly audit report     }
472 silly audit report   ],
472 silly audit report   postcss: [
472 silly audit report     {
472 silly audit report       id: 1117015,
472 silly audit report       url: 'https://github.com/advisories/GHSA-qx2v-qp2m-jg93',
472 silly audit report       title: 'PostCSS has XSS via Unescaped </style> in its CSS Stringify Output',
472 silly audit report       severity: 'moderate',
472 silly audit report       vulnerable_versions: '<8.5.10',
472 silly audit report       cwe: [Array],
472 silly audit report       cvss: [Object]
472 silly audit report     },
472 silly audit report     {
472 silly audit report       id: 1124252,
472 silly audit report       url: 'https://github.com/advisories/GHSA-6g55-p6wh-862q',
472 silly audit report       title: 'PostCSS: Arbitrary file read and information disclosure via attacker-controlled sourceMappingURL in CSS comments',
472 silly audit report       severity: 'high',
472 silly audit report       vulnerable_versions: '<=8.5.11',
472 silly audit report       cwe: [Array],
472 silly audit report       cvss: [Object]
472 silly audit report     },
472 silly audit report     {
472 silly audit report       id: 1124288,
472 silly audit report       url: 'https://github.com/advisories/GHSA-r28c-9q8g-f849',
472 silly audit report       title: 'PostCSS: Path Traversal in Previous Source Map Auto-Loading (sourceMappingURL) leads to Arbitrary .map File Disclosure',
472 silly audit report       severity: 'high',
472 silly audit report       vulnerable_versions: '<=8.5.17',
472 silly audit report       cwe: [Array],
472 silly audit report       cvss: [Object]
472 silly audit report     }
472 silly audit report   ]
472 silly audit report }
473 silly packumentCache corgi:https://registry.npmjs.org/next cache-miss
474 silly packumentCache corgi:https://registry.npmjs.org/postcss cache-miss
475 http fetch GET 200 https://registry.npmjs.org/why-is-node-running/-/why-is-node-running-2.3.0.tgz 982ms (cache miss)
476 http fetch GET 200 https://registry.npmjs.org/siginfo/-/siginfo-2.0.0.tgz 977ms (cache miss)
477 http fetch GET 200 https://registry.npmjs.org/util-deprecate/-/util-deprecate-1.0.2.tgz 1005ms (cache miss)
478 http fetch GET 200 https://registry.npmjs.org/thenify-all/-/thenify-all-1.6.0.tgz 1001ms (cache miss)
479 http fetch GET 200 https://registry.npmjs.org/update-browserslist-db/-/update-browserslist-db-1.2.3.tgz 1033ms (cache miss)
480 http fetch GET 200 https://registry.npmjs.org/thenify/-/thenify-3.3.1.tgz 1029ms (cache miss)
481 http fetch GET 200 https://registry.npmjs.org/tinyrainbow/-/tinyrainbow-3.1.0.tgz 1053ms (cache miss)
482 http fetch GET 200 https://registry.npmjs.org/stackback/-/stackback-0.0.2.tgz 1050ms (cache miss)
483 http fetch GET 200 https://registry.npmjs.org/server-only/-/server-only-0.0.1.tgz 1050ms (cache miss)
484 http fetch GET 200 https://registry.npmjs.org/readdirp/-/readdirp-3.6.0.tgz 1049ms (cache miss)
485 http fetch GET 200 https://registry.npmjs.org/tinyglobby/-/tinyglobby-0.2.17.tgz 1084ms (cache miss)
486 http fetch GET 200 https://registry.npmjs.org/run-parallel/-/run-parallel-1.2.0.tgz 1081ms (cache miss)
487 http fetch GET 200 https://registry.npmjs.org/queue-microtask/-/queue-microtask-1.2.3.tgz 1079ms (cache miss)
488 http fetch GET 200 https://registry.npmjs.org/tinyexec/-/tinyexec-1.2.4.tgz 1103ms (cache miss)
489 http fetch GET 200 https://registry.npmjs.org/read-cache/-/read-cache-1.0.0.tgz 1098ms (cache miss)
490 http fetch GET 200 https://registry.npmjs.org/postcss-import/-/postcss-import-15.1.0.tgz 1098ms (cache miss)
491 http fetch GET 200 https://registry.npmjs.org/to-regex-range/-/to-regex-range-5.0.1.tgz 1135ms (cache miss)
492 http fetch GET 200 https://registry.npmjs.org/std-env/-/std-env-4.2.0.tgz 1130ms (cache miss)
493 http fetch GET 200 https://registry.npmjs.org/postcss-js/-/postcss-js-4.1.0.tgz 1126ms (cache miss)
494 http fetch GET 200 https://registry.npmjs.org/picocolors/-/picocolors-1.1.1.tgz 1124ms (cache miss)
495 http fetch GET 200 https://registry.npmjs.org/pirates/-/pirates-4.0.7.tgz 1125ms (cache miss)
496 http fetch GET 200 https://registry.npmjs.org/pify/-/pify-2.3.0.tgz 1125ms (cache miss)
497 http fetch GET 200 https://registry.npmjs.org/perfect-debounce/-/perfect-debounce-1.0.0.tgz 1192ms (cache miss)
498 http fetch GET 200 https://registry.npmjs.org/postcss-load-config/-/postcss-load-config-6.0.1.tgz 1196ms (cache miss)
499 http fetch GET 200 https://registry.npmjs.org/object-assign/-/object-assign-4.1.1.tgz 1213ms (cache miss)
500 http fetch GET 200 https://registry.npmjs.org/node-releases/-/node-releases-2.0.51.tgz 1213ms (cache miss)
501 http fetch GET 200 https://registry.npmjs.org/merge2/-/merge2-1.4.1.tgz 1235ms (cache miss)
502 http fetch GET 200 https://registry.npmjs.org/nypm/-/nypm-0.6.8.tgz 1237ms (cache miss)
503 http fetch GET 200 https://registry.npmjs.org/rc9/-/rc9-2.1.2.tgz 1265ms (cache miss)
504 http fetch GET 200 https://registry.npmjs.org/postcss-nested/-/postcss-nested-6.2.0.tgz 1264ms (cache miss)
505 http fetch GET 200 https://registry.npmjs.org/path-parse/-/path-parse-1.0.7.tgz 1260ms (cache miss)
506 http fetch GET 200 https://registry.npmjs.org/normalize-path/-/normalize-path-3.0.0.tgz 1259ms (cache miss)
507 http fetch GET 200 https://registry.npmjs.org/loose-envify/-/loose-envify-1.4.0.tgz 1257ms (cache miss)
508 http fetch GET 200 https://registry.npmjs.org/js-tokens/-/js-tokens-4.0.0.tgz 1255ms (cache miss)
509 http fetch GET 200 https://registry.npmjs.org/lines-and-columns/-/lines-and-columns-1.2.4.tgz 1256ms (cache miss)
510 http fetch GET 200 https://registry.npmjs.org/graceful-fs/-/graceful-fs-4.2.11.tgz 1254ms (cache miss)
511 http fetch GET 200 https://registry.npmjs.org/hasown/-/hasown-2.0.4.tgz 1254ms (cache miss)
512 http fetch GET 200 https://registry.npmjs.org/supports-preserve-symlinks-flag/-/supports-preserve-symlinks-flag-1.0.0.tgz 1298ms (cache miss)
513 http fetch GET 200 https://registry.npmjs.org/is-core-module/-/is-core-module-2.16.2.tgz 1281ms (cache miss)
514 http fetch GET 200 https://registry.npmjs.org/is-binary-path/-/is-binary-path-2.1.0.tgz 1281ms (cache miss)
515 http fetch GET 200 https://registry.npmjs.org/fill-range/-/fill-range-7.1.1.tgz 1279ms (cache miss)
516 http fetch GET 200 https://registry.npmjs.org/is-number/-/is-number-7.0.0.tgz 1284ms (cache miss)
517 http fetch GET 200 https://registry.npmjs.org/mz/-/mz-2.7.0.tgz 1321ms (cache miss)
518 http fetch GET 200 https://registry.npmjs.org/lilconfig/-/lilconfig-3.1.3.tgz 1320ms (cache miss)
519 http fetch GET 200 https://registry.npmjs.org/is-glob/-/is-glob-4.0.3.tgz 1318ms (cache miss)
520 http fetch GET 200 https://registry.npmjs.org/glob-parent/-/glob-parent-6.0.2.tgz 1317ms (cache miss)
521 http fetch GET 200 https://registry.npmjs.org/is-extglob/-/is-extglob-2.1.1.tgz 1343ms (cache miss)
522 http fetch GET 200 https://registry.npmjs.org/object-hash/-/object-hash-3.0.0.tgz 1369ms (cache miss)
523 http fetch GET 200 https://registry.npmjs.org/exsolve/-/exsolve-1.1.0.tgz 1359ms (cache miss)
524 http fetch GET 200 https://registry.npmjs.org/escalade/-/escalade-3.2.0.tgz 1356ms (cache miss)
525 http fetch GET 200 https://registry.npmjs.org/reusify/-/reusify-1.1.0.tgz 1392ms (cache miss)
526 http fetch GET 200 https://registry.npmjs.org/es-errors/-/es-errors-1.3.0.tgz 1372ms (cache miss)
527 http fetch GET 200 https://registry.npmjs.org/empathic/-/empathic-2.0.0.tgz 1371ms (cache miss)
528 http fetch GET 200 https://registry.npmjs.org/fastq/-/fastq-1.20.1.tgz 1370ms (cache miss)
529 http fetch GET 200 https://registry.npmjs.org/didyoumean/-/didyoumean-1.2.2.tgz 1369ms (cache miss)
530 http fetch GET 200 https://registry.npmjs.org/defu/-/defu-6.1.7.tgz 1367ms (cache miss)
531 http fetch GET 200 https://registry.npmjs.org/cssesc/-/cssesc-3.0.0.tgz 1367ms (cache miss)
532 http fetch GET 200 https://registry.npmjs.org/destr/-/destr-2.0.5.tgz 1394ms (cache miss)
533 http fetch GET 200 https://registry.npmjs.org/dlv/-/dlv-1.1.3.tgz 1396ms (cache miss)
534 http fetch GET 200 https://registry.npmjs.org/client-only/-/client-only-0.0.1.tgz 1393ms (cache miss)
535 http fetch GET 200 https://registry.npmjs.org/streamsearch/-/streamsearch-1.1.0.tgz 1437ms (cache miss)
536 http fetch GET 200 https://registry.npmjs.org/obug/-/obug-2.1.4.tgz 1427ms (cache miss)
537 http fetch GET 200 https://registry.npmjs.org/function-bind/-/function-bind-1.1.2.tgz 1421ms (cache miss)
538 http fetch GET 200 https://registry.npmjs.org/detect-libc/-/detect-libc-2.1.2.tgz 1411ms (cache miss)
539 http fetch GET 200 https://registry.npmjs.org/convert-source-map/-/convert-source-map-2.0.0.tgz 1409ms (cache miss)
540 http fetch GET 200 https://registry.npmjs.org/braces/-/braces-3.0.3.tgz 1408ms (cache miss)
541 http fetch GET 200 https://registry.npmjs.org/tinybench/-/tinybench-2.9.0.tgz 1462ms (cache miss)
542 http fetch GET 200 https://registry.npmjs.org/giget/-/giget-2.0.0.tgz 1442ms (cache miss)
543 http fetch GET 200 https://registry.npmjs.org/citty/-/citty-0.1.6.tgz 1428ms (cache miss)
544 http fetch GET 200 https://registry.npmjs.org/camelcase-css/-/camelcase-css-2.0.1.tgz 1448ms (cache miss)
545 http fetch GET 200 https://registry.npmjs.org/binary-extensions/-/binary-extensions-2.3.0.tgz 1446ms (cache miss)
546 http fetch GET 200 https://registry.npmjs.org/anymatch/-/anymatch-3.1.3.tgz 1445ms (cache miss)
547 http fetch GET 200 https://registry.npmjs.org/any-promise/-/any-promise-1.3.0.tgz 1446ms (cache miss)
548 http fetch GET 200 https://registry.npmjs.org/assertion-error/-/assertion-error-2.0.1.tgz 1462ms (cache miss)
549 http fetch GET 200 https://registry.npmjs.org/browserslist/-/browserslist-4.28.7.tgz 1465ms (cache miss)
550 http fetch GET 200 https://registry.npmjs.org/arg/-/arg-5.0.2.tgz 1499ms (cache miss)
551 http fetch GET 200 https://registry.npmjs.org/chai/-/chai-6.2.2.tgz 1523ms (cache miss)
552 http fetch GET 200 https://registry.npmjs.org/micromatch/-/micromatch-4.0.8.tgz 1549ms (cache miss)
553 http fetch GET 200 https://registry.npmjs.org/chokidar/-/chokidar-3.6.0.tgz 1528ms (cache miss)
554 http fetch GET 200 https://registry.npmjs.org/@vitest/spy/-/spy-4.1.10.tgz 1524ms (cache miss)
555 http fetch GET 200 https://registry.npmjs.org/@types/react-dom/-/react-dom-18.3.7.tgz 1523ms (cache miss)
556 http fetch GET 200 https://registry.npmjs.org/@types/estree/-/estree-1.0.9.tgz 1522ms (cache miss)
557 http fetch GET 200 https://registry.npmjs.org/@swc/counter/-/counter-0.1.3.tgz 1524ms (cache miss)
558 http fetch GET 200 https://registry.npmjs.org/postcss-value-parser/-/postcss-value-parser-4.2.0.tgz 1579ms (cache miss)
559 http fetch GET 200 https://registry.npmjs.org/pkg-types/-/pkg-types-2.3.1.tgz 1578ms (cache miss)
560 http fetch GET 200 https://registry.npmjs.org/@types/prop-types/-/prop-types-15.7.15.tgz 1543ms (cache miss)
561 http fetch GET 200 https://registry.npmjs.org/@vitest/expect/-/expect-4.1.10.tgz 1544ms (cache miss)
562 http fetch GET 200 https://registry.npmjs.org/@types/chai/-/chai-5.2.3.tgz 1540ms (cache miss)
563 http fetch GET 200 https://registry.npmjs.org/@prisma/config/-/config-6.19.3.tgz 1531ms (cache miss)
564 http fetch GET 200 https://registry.npmjs.org/@types/deep-eql/-/deep-eql-4.0.2.tgz 1545ms (cache miss)
565 http fetch GET 200 https://registry.npmjs.org/@standard-schema/spec/-/spec-1.1.0.tgz 1535ms (cache miss)
566 http fetch GET 200 https://registry.npmjs.org/@prisma/engines-version/-/engines-version-7.1.1-3.c2990dca591cba766e3b7ef5d9e8a84796e47ab7.tgz 1551ms (cache miss)
567 http fetch GET 200 https://registry.npmjs.org/oauth4webapi/-/oauth4webapi-3.8.6.tgz 1602ms (cache miss)
568 http fetch GET 200 https://registry.npmjs.org/estree-walker/-/estree-walker-3.0.3.tgz 1614ms (cache miss)
569 http fetch GET 200 https://registry.npmjs.org/electron-to-chromium/-/electron-to-chromium-1.5.396.tgz 1612ms (cache miss)
570 http fetch GET 200 https://registry.npmjs.org/c12/-/c12-3.1.0.tgz 1606ms (cache miss)
571 http fetch GET 200 https://registry.npmjs.org/@vitest/pretty-format/-/pretty-format-4.1.10.tgz 1602ms (cache miss)
572 http fetch GET 200 https://registry.npmjs.org/@nodelib/fs.walk/-/fs.walk-1.2.8.tgz 1587ms (cache miss)
573 http fetch GET 200 https://registry.npmjs.org/@rolldown/pluginutils/-/pluginutils-1.0.1.tgz 1596ms (cache miss)
574 http fetch GET 200 https://registry.npmjs.org/@panva/hkdf/-/hkdf-1.2.1.tgz 1601ms (cache miss)
575 http fetch GET 200 https://registry.npmjs.org/@oxc-project/types/-/types-0.139.0.tgz 1600ms (cache miss)
576 http fetch GET 200 https://registry.npmjs.org/commander/-/commander-4.1.1.tgz 1643ms (cache miss)
577 http fetch GET 200 https://registry.npmjs.org/@prisma/debug/-/debug-6.19.3.tgz 1621ms (cache miss)
578 http fetch GET 200 https://registry.npmjs.org/readdirp/-/readdirp-4.1.2.tgz 1617ms (cache miss)
579 http fetch GET 200 https://registry.npmjs.org/@next/env/-/env-14.2.35.tgz 1622ms (cache miss)
580 http fetch GET 200 https://registry.npmjs.org/@nodelib/fs.stat/-/fs.stat-2.0.5.tgz 1624ms (cache miss)
581 http fetch GET 200 https://registry.npmjs.org/ts-interface-checker/-/ts-interface-checker-0.1.13.tgz 1735ms (cache miss)
582 http fetch GET 200 https://registry.npmjs.org/tslib/-/tslib-2.8.1.tgz 1750ms (cache miss)
583 http fetch GET 200 https://registry.npmjs.org/bcryptjs/-/bcryptjs-3.0.3.tgz 1705ms (cache miss)
584 http fetch GET 200 https://registry.npmjs.org/glob-parent/-/glob-parent-5.1.2.tgz 1680ms (cache miss)
585 http fetch GET 200 https://registry.npmjs.org/fdir/-/fdir-6.5.0.tgz 1691ms (cache miss)
586 http fetch GET 200 https://registry.npmjs.org/@alloc/quick-lru/-/quick-lru-5.2.0.tgz 1692ms (cache miss)
587 http fetch GET 200 https://registry.npmjs.org/citty/-/citty-0.2.2.tgz 1696ms (cache miss)
588 http fetch GET 200 https://registry.npmjs.org/dotenv/-/dotenv-16.6.1.tgz 1737ms (cache miss)
589 http fetch GET 200 https://registry.npmjs.org/@jridgewell/resolve-uri/-/resolve-uri-3.1.2.tgz 1707ms (cache miss)
590 http fetch GET 200 https://registry.npmjs.org/glob-parent/-/glob-parent-5.1.2.tgz 1709ms (cache miss)
591 http fetch GET 200 https://registry.npmjs.org/baseline-browser-mapping/-/baseline-browser-mapping-2.11.4.tgz 1749ms (cache miss)
592 http fetch GET 200 https://registry.npmjs.org/picomatch/-/picomatch-4.0.5.tgz 1728ms (cache miss)
593 http fetch GET 200 https://registry.npmjs.org/deepmerge-ts/-/deepmerge-ts-7.1.5.tgz 1766ms (cache miss)
594 http fetch GET 200 https://registry.npmjs.org/@vitest/snapshot/-/snapshot-4.1.10.tgz 1765ms (cache miss)
595 http fetch GET 200 https://registry.npmjs.org/picomatch/-/picomatch-4.0.5.tgz 1744ms (cache miss)
596 http fetch GET 200 https://registry.npmjs.org/picomatch/-/picomatch-4.0.5.tgz 1749ms (cache miss)
597 http fetch GET 200 https://registry.npmjs.org/es-module-lexer/-/es-module-lexer-2.3.1.tgz 1796ms (cache miss)
598 http fetch GET 200 https://registry.npmjs.org/expect-type/-/expect-type-1.4.0.tgz 1808ms (cache miss)
599 http fetch GET 200 https://registry.npmjs.org/pathe/-/pathe-2.0.3.tgz 1836ms (cache miss)
600 http fetch GET 200 https://registry.npmjs.org/picomatch/-/picomatch-2.3.2.tgz 1853ms (cache miss)
601 http fetch GET 200 https://registry.npmjs.org/scheduler/-/scheduler-0.23.2.tgz 1867ms (cache miss)
602 http fetch GET 200 https://registry.npmjs.org/nanoid/-/nanoid-3.3.16.tgz 1857ms (cache miss)
603 http fetch GET 200 https://registry.npmjs.org/chokidar/-/chokidar-4.0.3.tgz 1804ms (cache miss)
604 http fetch GET 200 https://registry.npmjs.org/@vitest/runner/-/runner-4.1.10.tgz 1832ms (cache miss)
605 http fetch GET 200 https://registry.npmjs.org/@prisma/engines/-/engines-6.19.3.tgz 1817ms (cache miss)
606 http fetch GET 200 https://registry.npmjs.org/undici-types/-/undici-types-6.21.0.tgz 1909ms (cache miss)
607 http fetch GET 200 https://registry.npmjs.org/ohash/-/ohash-2.0.11.tgz 1919ms (cache miss)
608 http fetch GET 200 https://registry.npmjs.org/magic-string/-/magic-string-0.30.21.tgz 1924ms (cache miss)
609 http fetch GET 200 https://registry.npmjs.org/postcss 1457ms (cache miss)
610 silly packumentCache corgi:https://registry.npmjs.org/postcss set size:undefined disposed:false
611 http fetch GET 200 https://registry.npmjs.org/lightningcss/-/lightningcss-1.33.0.tgz 1984ms (cache miss)
612 http fetch GET 200 https://registry.npmjs.org/@types/react/-/react-18.3.31.tgz 1958ms (cache miss)
613 http fetch GET 200 https://registry.npmjs.org/@emnapi/wasi-threads/-/wasi-threads-1.2.2.tgz 1941ms (cache miss)
614 http fetch GET 200 https://registry.npmjs.org/source-map-js/-/source-map-js-1.2.1.tgz 2015ms (cache miss)
615 http fetch GET 200 https://registry.npmjs.org/fraction.js/-/fraction.js-5.3.4.tgz 1997ms (cache miss)
616 http fetch GET 200 https://registry.npmjs.org/react/-/react-18.3.1.tgz 2020ms (cache miss)
617 http fetch GET 200 https://registry.npmjs.org/busboy/-/busboy-1.6.0.tgz 1993ms (cache miss)
618 http fetch GET 200 https://registry.npmjs.org/csstype/-/csstype-3.2.3.tgz 2041ms (cache miss)
619 http fetch GET 200 https://registry.npmjs.org/@emnapi/runtime/-/runtime-1.11.1.tgz 2024ms (cache miss)
620 http fetch GET 200 https://registry.npmjs.org/@jridgewell/sourcemap-codec/-/sourcemap-codec-1.5.5.tgz 2048ms (cache miss)
621 http fetch GET 200 https://registry.npmjs.org/@nodelib/fs.scandir/-/fs.scandir-2.1.5.tgz 2066ms (cache miss)
622 http fetch GET 200 https://registry.npmjs.org/@vitest/mocker/-/mocker-4.1.10.tgz 2139ms (cache miss)
623 http fetch GET 200 https://registry.npmjs.org/@vitest/utils/-/utils-4.1.10.tgz 2145ms (cache miss)
624 http fetch GET 200 https://registry.npmjs.org/@jridgewell/gen-mapping/-/gen-mapping-0.3.13.tgz 2147ms (cache miss)
625 http fetch GET 200 https://registry.npmjs.org/confbox/-/confbox-0.2.4.tgz 2191ms (cache miss)
626 http fetch GET 200 https://registry.npmjs.org/styled-jsx/-/styled-jsx-5.1.1.tgz 2262ms (cache miss)
627 http fetch GET 200 https://registry.npmjs.org/node-fetch-native/-/node-fetch-native-1.6.7.tgz 2316ms (cache miss)
628 http fetch GET 200 https://registry.npmjs.org/consola/-/consola-3.4.2.tgz 2337ms (cache miss)
629 http fetch GET 200 https://registry.npmjs.org/postcss-selector-parser/-/postcss-selector-parser-6.1.4.tgz 2395ms (cache miss)
630 http fetch GET 200 https://registry.npmjs.org/jiti/-/jiti-1.21.7.tgz 2398ms (cache miss)
631 http fetch GET 200 https://registry.npmjs.org/@jridgewell/trace-mapping/-/trace-mapping-0.3.31.tgz 2361ms (cache miss)
632 http fetch GET 200 https://registry.npmjs.org/postcss/-/postcss-8.5.23.tgz 2436ms (cache miss)
633 http fetch GET 200 https://registry.npmjs.org/jiti/-/jiti-2.7.0.tgz 2379ms (cache miss)
634 http fetch GET 200 https://registry.npmjs.org/@prisma/fetch-engine/-/fetch-engine-6.19.3.tgz 2403ms (cache miss)
635 http fetch GET 200 https://registry.npmjs.org/@emnapi/core/-/core-1.11.1.tgz 2399ms (cache miss)
636 http fetch GET 200 https://registry.npmjs.org/postcss/-/postcss-8.4.31.tgz 2427ms (cache miss)
637 http fetch GET 200 https://registry.npmjs.org/@prisma/get-platform/-/get-platform-6.19.3.tgz 2499ms (cache miss)
638 http fetch GET 200 https://registry.npmjs.org/rolldown/-/rolldown-1.1.5.tgz 2610ms (cache miss)
639 http fetch GET 200 https://registry.npmjs.org/@tybys/wasm-util/-/wasm-util-0.10.3.tgz 2621ms (cache miss)
640 http fetch GET 200 https://registry.npmjs.org/fast-glob/-/fast-glob-3.3.3.tgz 2654ms (cache miss)
641 http fetch GET 200 https://registry.npmjs.org/@types/node/-/node-20.19.43.tgz 2650ms (cache miss)
642 http fetch GET 200 https://registry.npmjs.org/preact-render-to-string/-/preact-render-to-string-6.5.11.tgz 2719ms (cache miss)
643 http fetch GET 200 https://registry.npmjs.org/vite/-/vite-8.1.5.tgz 2741ms (cache miss)
644 http fetch GET 200 https://registry.npmjs.org/autoprefixer/-/autoprefixer-10.5.4.tgz 2766ms (cache miss)
645 http fetch GET 200 https://registry.npmjs.org/react-dom/-/react-dom-18.3.1.tgz 2826ms (cache miss)
646 http fetch GET 200 https://registry.npmjs.org/@napi-rs/wasm-runtime/-/wasm-runtime-1.1.6.tgz 2789ms (cache miss)
647 http fetch GET 200 https://registry.npmjs.org/pure-rand/-/pure-rand-6.1.0.tgz 2928ms (cache miss)
648 http fetch GET 200 https://registry.npmjs.org/resolve/-/resolve-1.22.12.tgz 2973ms (cache miss)
649 http fetch GET 200 https://registry.npmjs.org/vitest/-/vitest-4.1.10.tgz 3078ms (cache miss)
650 http fetch GET 200 https://registry.npmjs.org/jose/-/jose-6.2.4.tgz 3098ms (cache miss)
651 http fetch GET 200 https://registry.npmjs.org/preact/-/preact-10.24.3.tgz 3136ms (cache miss)
652 http fetch GET 200 https://registry.npmjs.org/lightningcss-linux-x64-gnu/-/lightningcss-linux-x64-gnu-1.33.0.tgz 3224ms (cache miss)
653 http fetch GET 200 https://registry.npmjs.org/sucrase/-/sucrase-3.35.1.tgz 3754ms (cache miss)
654 http fetch GET 200 https://registry.npmjs.org/@swc/helpers/-/helpers-0.5.5.tgz 3724ms (cache miss)
655 http fetch GET 200 https://registry.npmjs.org/@rolldown/binding-linux-x64-gnu/-/binding-linux-x64-gnu-1.1.5.tgz 3818ms (cache miss)
656 http fetch GET 200 https://registry.npmjs.org/tailwindcss/-/tailwindcss-3.4.19.tgz 3970ms (cache miss)
657 http fetch GET 200 https://registry.npmjs.org/next-auth/-/next-auth-5.0.0-beta.32.tgz 3985ms (cache miss)
658 http fetch GET 200 https://registry.npmjs.org/next 3534ms (cache miss)
659 silly packumentCache corgi:https://registry.npmjs.org/next set size:undefined disposed:false
660 silly packumentCache corgi:https://registry.npmjs.org/next-auth cache-miss
661 http fetch GET 200 https://registry.npmjs.org/next-auth 156ms (cache miss)
662 silly packumentCache corgi:https://registry.npmjs.org/next-auth set size:undefined disposed:false
663 http fetch GET 200 https://registry.npmjs.org/typescript/-/typescript-5.9.3.tgz 6935ms (cache miss)
664 http fetch GET 200 https://registry.npmjs.org/@auth/core/-/core-0.41.3.tgz 7063ms (cache miss)
665 http fetch GET 200 https://registry.npmjs.org/caniuse-lite/-/caniuse-lite-1.0.30001806.tgz 7910ms (cache miss)
666 http fetch GET 200 https://registry.npmjs.org/prisma/-/prisma-6.19.3.tgz 8052ms (cache miss)
667 http fetch GET 200 https://registry.npmjs.org/@prisma/client/-/client-6.19.3.tgz 8485ms (cache miss)
668 http fetch GET 200 https://registry.npmjs.org/fast-check/-/fast-check-3.23.2.tgz 9050ms (cache miss)
669 http fetch GET 200 https://registry.npmjs.org/@next/swc-linux-x64-gnu/-/swc-linux-x64-gnu-14.2.33.tgz 9199ms (cache miss)
670 http fetch GET 200 https://registry.npmjs.org/effect/-/effect-3.21.0.tgz 10280ms (cache miss)
671 http fetch GET 200 https://registry.npmjs.org/next/-/next-14.2.35.tgz 14577ms (cache miss)
672 info run prisma@6.19.3 preinstall node_modules/prisma node scripts/preinstall-entry.js
673 info run prisma@6.19.3 preinstall { code: 0, signal: null }
674 info run @prisma/client@6.19.3 postinstall node_modules/@prisma/client node scripts/postinstall.js
675 info run @prisma/client@6.19.3 postinstall { code: 0, signal: null }
676 info run @prisma/engines@6.19.3 postinstall node_modules/@prisma/engines node scripts/postinstall.js
677 info run @prisma/engines@6.19.3 postinstall { code: 0, signal: null }
678 silly ADD node_modules/why-is-node-running
679 silly ADD node_modules/vitest
680 silly ADD node_modules/vitest/node_modules/picomatch
681 silly ADD node_modules/vite
682 silly ADD node_modules/vite/node_modules/picomatch
683 silly ADD node_modules/util-deprecate
684 silly ADD node_modules/update-browserslist-db
685 silly ADD node_modules/undici-types
686 silly ADD node_modules/typescript
687 silly ADD node_modules/tslib
688 silly ADD node_modules/ts-interface-checker
689 silly ADD node_modules/to-regex-range
690 silly ADD node_modules/tinyrainbow
691 silly ADD node_modules/tinyglobby
692 silly ADD node_modules/tinyglobby/node_modules/picomatch
693 silly ADD node_modules/tinyglobby/node_modules/fdir
694 silly ADD node_modules/tinyexec
695 silly ADD node_modules/tinybench
696 silly ADD node_modules/thenify-all
697 silly ADD node_modules/thenify
698 silly ADD node_modules/tailwindcss
699 silly ADD node_modules/supports-preserve-symlinks-flag
700 silly ADD node_modules/sucrase
701 silly ADD node_modules/styled-jsx
702 silly ADD node_modules/streamsearch
703 silly ADD node_modules/std-env
704 silly ADD node_modules/stackback
705 silly ADD node_modules/source-map-js
706 silly ADD node_modules/siginfo
707 silly ADD node_modules/server-only
708 silly ADD node_modules/scheduler
709 silly ADD node_modules/run-parallel
710 silly ADD node_modules/rolldown
711 silly ADD node_modules/reusify
712 silly ADD node_modules/resolve
713 silly ADD node_modules/readdirp
714 silly ADD node_modules/read-cache
715 silly ADD node_modules/react-dom
716 silly ADD node_modules/react
717 silly ADD node_modules/rc9
718 silly ADD node_modules/queue-microtask
719 silly ADD node_modules/pure-rand
720 silly ADD node_modules/prisma
721 silly ADD node_modules/preact-render-to-string
722 silly ADD node_modules/preact
723 silly ADD node_modules/postcss-value-parser
724 silly ADD node_modules/postcss-selector-parser
725 silly ADD node_modules/postcss-nested
726 silly ADD node_modules/postcss-load-config
727 silly ADD node_modules/postcss-js
728 silly ADD node_modules/postcss-import
729 silly ADD node_modules/postcss
730 silly ADD node_modules/pkg-types
731 silly ADD node_modules/pirates
732 silly ADD node_modules/pify
733 silly ADD node_modules/picomatch
734 silly ADD node_modules/picocolors
735 silly ADD node_modules/perfect-debounce
736 silly ADD node_modules/pathe
737 silly ADD node_modules/path-parse
738 silly ADD node_modules/ohash
739 silly ADD node_modules/obug
740 silly ADD node_modules/object-hash
741 silly ADD node_modules/object-assign
742 silly ADD node_modules/oauth4webapi
743 silly ADD node_modules/nypm
744 silly ADD node_modules/nypm/node_modules/citty
745 silly ADD node_modules/normalize-path
746 silly ADD node_modules/node-releases
747 silly ADD node_modules/node-fetch-native
748 silly ADD node_modules/next-auth
749 silly ADD node_modules/next
750 silly ADD node_modules/next/node_modules/postcss
751 silly ADD node_modules/nanoid
752 silly ADD node_modules/mz
753 silly ADD node_modules/micromatch
754 silly ADD node_modules/merge2
755 silly ADD node_modules/magic-string
756 silly ADD node_modules/loose-envify
757 silly ADD node_modules/lines-and-columns
758 silly ADD node_modules/lilconfig
759 silly ADD
760 silly ADD
761 silly ADD
762 silly ADD node_modules/lightningcss-linux-x64-gnu
763 silly ADD
764 silly ADD
765 silly ADD
766 silly ADD
767 silly ADD
768 silly ADD
769 silly ADD
770 silly ADD node_modules/lightningcss
771 silly ADD node_modules/js-tokens
772 silly ADD node_modules/jose
773 silly ADD node_modules/jiti
774 silly ADD node_modules/is-number
775 silly ADD node_modules/is-glob
776 silly ADD node_modules/is-extglob
777 silly ADD node_modules/is-core-module
778 silly ADD node_modules/is-binary-path
779 silly ADD node_modules/hasown
780 silly ADD node_modules/graceful-fs
781 silly ADD node_modules/glob-parent
782 silly ADD node_modules/giget
783 silly ADD node_modules/function-bind
784 silly ADD
785 silly ADD node_modules/fraction.js
786 silly ADD node_modules/fill-range
787 silly ADD node_modules/fastq
788 silly ADD node_modules/fast-glob
789 silly ADD node_modules/fast-glob/node_modules/glob-parent
790 silly ADD node_modules/fast-check
791 silly ADD node_modules/exsolve
792 silly ADD node_modules/expect-type
793 silly ADD node_modules/estree-walker
794 silly ADD node_modules/escalade
795 silly ADD node_modules/es-module-lexer
796 silly ADD node_modules/es-errors
797 silly ADD node_modules/empathic
798 silly ADD node_modules/electron-to-chromium
799 silly ADD node_modules/effect
800 silly ADD node_modules/dotenv
801 silly ADD node_modules/dlv
802 silly ADD node_modules/didyoumean
803 silly ADD node_modules/detect-libc
804 silly ADD node_modules/destr
805 silly ADD node_modules/defu
806 silly ADD node_modules/deepmerge-ts
807 silly ADD node_modules/csstype
808 silly ADD node_modules/cssesc
809 silly ADD node_modules/convert-source-map
810 silly ADD node_modules/consola
811 silly ADD node_modules/confbox
812 silly ADD node_modules/commander
813 silly ADD node_modules/client-only
814 silly ADD node_modules/citty
815 silly ADD node_modules/chokidar
816 silly ADD node_modules/chokidar/node_modules/glob-parent
817 silly ADD node_modules/chai
818 silly ADD node_modules/caniuse-lite
819 silly ADD node_modules/camelcase-css
820 silly ADD node_modules/c12
821 silly ADD node_modules/c12/node_modules/readdirp
822 silly ADD node_modules/c12/node_modules/jiti
823 silly ADD node_modules/c12/node_modules/chokidar
824 silly ADD node_modules/busboy
825 silly ADD node_modules/browserslist
826 silly ADD node_modules/braces
827 silly ADD node_modules/binary-extensions
828 silly ADD node_modules/bcryptjs
829 silly ADD node_modules/baseline-browser-mapping
830 silly ADD node_modules/autoprefixer
831 silly ADD node_modules/assertion-error
832 silly ADD node_modules/arg
833 silly ADD node_modules/anymatch
834 silly ADD node_modules/any-promise
835 silly ADD node_modules/@vitest/utils
836 silly ADD node_modules/@vitest/spy
837 silly ADD node_modules/@vitest/snapshot
838 silly ADD node_modules/@vitest/runner
839 silly ADD node_modules/@vitest/pretty-format
840 silly ADD node_modules/@vitest/mocker
841 silly ADD node_modules/@vitest/expect
842 silly ADD node_modules/@types/react-dom
843 silly ADD node_modules/@types/react
844 silly ADD node_modules/@types/prop-types
845 silly ADD node_modules/@types/node
846 silly ADD node_modules/@types/estree
847 silly ADD node_modules/@types/deep-eql
848 silly ADD node_modules/@types/chai
849 silly ADD
850 silly ADD node_modules/@swc/helpers
851 silly ADD node_modules/@swc/counter
852 silly ADD node_modules/@standard-schema/spec
853 silly ADD node_modules/@rolldown/pluginutils
854 silly ADD
855 silly ADD
856 silly ADD
857 silly ADD
858 silly ADD
859 silly ADD node_modules/@rolldown/binding-linux-x64-gnu
860 silly ADD
861 silly ADD
862 silly ADD
863 silly ADD
864 silly ADD
865 silly ADD
866 silly ADD
867 silly ADD
868 silly ADD
869 silly ADD node_modules/@prisma/get-platform
870 silly ADD node_modules/@prisma/fetch-engine
871 silly ADD node_modules/@prisma/engines-version
872 silly ADD node_modules/@prisma/engines
873 silly ADD node_modules/@prisma/debug
874 silly ADD node_modules/@prisma/config
875 silly ADD node_modules/@prisma/client
876 silly ADD node_modules/@panva/hkdf
877 silly ADD node_modules/@oxc-project/types
878 silly ADD node_modules/@nodelib/fs.walk
879 silly ADD node_modules/@nodelib/fs.stat
880 silly ADD node_modules/@nodelib/fs.scandir
881 silly ADD
882 silly ADD
883 silly ADD
884 silly ADD
885 silly ADD node_modules/@next/swc-linux-x64-gnu
886 silly ADD
887 silly ADD
888 silly ADD
889 silly ADD
890 silly ADD node_modules/@next/env
891 silly ADD
892 silly ADD node_modules/@jridgewell/trace-mapping
893 silly ADD node_modules/@jridgewell/sourcemap-codec
894 silly ADD node_modules/@jridgewell/resolve-uri
895 silly ADD node_modules/@jridgewell/gen-mapping
896 silly ADD
897 silly ADD
898 silly ADD
899 silly ADD node_modules/@auth/core
900 silly ADD node_modules/@alloc/quick-lru
901 verbose cwd /tmp/jobs/0f2ab268-9cf0-433c-917b-107ef2032ef9
902 verbose os Linux 6.8.0-134-generic
903 verbose node v22.23.1
904 verbose npm  v10.9.8
905 verbose exit 0
906 info ok
